FlowRate_LPM,Pressure_Bar,TankLevel_L,OilCost_$
249.82,43.62,2494.56,390.01
480.29,48.41,2331.65,573.42
392.8,71.27,1704.62,506.38
339.46,40.4,3429.07,503.62
162.41,72.18,2906.5,383.52
162.4,25.29,4462.8,390.99
123.23,66.61,1128.44,254.92
446.47,70.85,3575.47,642.23
340.45,30.91,4051.8,521.31
383.23,45.82,4037.95,577.21
108.23,29.93,4544.3,358.7
487.96,62.4,3916.13,679.77
432.98,52.12,4711.24,660.12
184.94,58.12,2330.63,351.66
172.73,31.79,3012.84,336.51
173.36,32.7,1056.32,240.56
221.7,22.49,1027.83,262.48
309.9,39.32,1960.51,404.93
272.78,53.58,1403.23,368.76
216.49,71.48,2040.85,382.45
344.74,60.02,1708.17,451.23
155.8,46.12,1114.08,249.53
216.86,77.19,4637.22,521.13
246.54,63.15,1032.89,343.61
282.43,75.81,3944.33,536.87
414.07,51.66,1608.59,489.17
179.87,35.53,4648.92,429.64
305.69,23.17,4571.18,507.87
336.97,63.57,3615.6,545.7
118.58,27.28,3688.94,320.23
343.02,38.17,1021.36,382.73
168.21,51.95,4939.49,459.46
126.02,53.86,4511.33,407.18
479.55,56.03,4580.42,696.72
486.25,29.98,3636.98,615.81
423.36,42.78,2379.15,521.82
221.85,57.03,4574.59,491.75
139.07,78.19,2166.07,336.84
373.69,63.66,3250.85,556.98
276.06,75.36,1398.92,403.83
148.82,65.73,4687.82,452.04
298.07,55.5,1563.08,399.87
113.76,31.52,1899.59,233.27
463.73,60.0,3232.54,622.61
203.51,57.4,4056.37,451.73
365.01,56.15,3477.41,550.1
224.68,49.39,1928.54,350.26
308.03,51.72,1003.77,374.19
318.68,40.07,4028.6,516.48
173.94,51.16,4940.83,462.93
487.83,31.85,4239.65,650.03
410.05,68.31,2840.83,572.55
475.8,31.15,4615.07,658.11
457.93,25.1,2639.39,535.96
339.16,46.17,3099.74,495.58
468.75,59.5,2908.52,609.67
135.4,46.26,2790.5,317.24
178.39,36.61,4100.76,402.66
118.09,53.49,3107.08,330.06
230.13,40.82,2266.87,358.68
255.47,75.97,2032.63,419.97
208.54,75.36,1150.99,337.42
431.5,50.14,3332.78,587.05
242.7,39.67,1919.85,349.66
212.37,64.23,1592.54,345.87
317.08,22.2,3615.32,467.73
156.37,48.49,3724.84,384.07
420.88,40.18,4008.62,597.4
129.82,75.23,3014.31,367.42
494.75,20.72,4576.22,655.7
408.9,53.17,4745.37,644.14
179.49,64.44,4229.48,451.72
102.21,49.1,3542.37,332.54
426.18,25.12,2214.88,489.38
382.74,78.35,4931.78,670.3
391.6,51.08,2096.54,494.73
408.51,56.85,1810.63,502.61
129.62,34.2,2768.62,293.42
243.39,49.01,1227.36,329.59
146.35,45.75,4913.98,431.4
445.24,24.49,3353.73,560.62
349.32,26.37,3227.81,480.4
232.36,70.25,3623.19,472.42
125.42,34.39,2988.09,301.33
224.39,31.7,1128.25,283.47
230.07,50.29,3449.25,431.96
391.84,66.12,3864.7,605.9
355.02,23.72,2667.0,452.94
454.89,54.61,4029.18,647.28
288.89,27.15,1908.01,367.24
147.84,22.19,1885.11,245.81
385.3,23.16,1645.67,425.27
404.31,70.05,2487.98,552.92
324.51,27.08,4388.05,519.63
408.39,22.71,4311.65,576.36
297.52,46.27,2531.3,433.99
309.09,70.64,3356.47,521.06
271.02,35.74,3883.27,464.59
110.17,45.3,1964.83,254.33
143.16,22.4,1672.56,231.75
112.57,46.94,4888.38,404.89
354.56,54.66,3470.23,539.15
225.74,54.25,4925.66,508.26
303.43,39.95,2351.02,420.21
463.03,38.93,3812.13,619.43
199.72,26.4,1890.41,293.89
264.15,42.01,2044.8,376.57
402.22,25.97,3047.61,513.11
191.52,66.0,2278.47,366.13
130.79,77.98,1670.49,305.12
215.9,78.2,2051.52,392.6
164.49,71.9,1142.99,296.6
471.88,56.05,3817.69,652.46
423.25,62.05,2968.47,580.1
353.36,37.11,1376.97,407.21
448.58,57.85,1686.78,529.98
421.47,47.34,1410.14,478.69
174.63,48.92,3450.37,385.6
457.02,65.47,1376.84,532.66
315.74,36.92,4017.13,508.82
422.98,39.08,1082.04,451.11
458.44,75.48,1997.5,579.84
227.2,23.37,4562.67,444.95
144.02,49.14,3874.13,382.63
191.17,74.77,1291.87,329.68
270.84,56.62,4284.5,515.83
427.21,52.78,2972.14,569.55
444.29,34.98,4387.13,627.27
102.78,40.6,3402.96,313.27
304.3,71.12,3727.33,536.49
266.96,53.55,4974.01,542.6
188.84,50.88,1929.34,323.87
147.95,25.97,3495.78,332.11
235.05,20.96,2841.29,361.54
477.16,77.82,1157.81,556.35
229.28,42.62,1057.88,300.25
307.52,56.19,1476.91,404.15
381.21,24.78,3596.37,521.96
245.45,60.99,3268.65,451.27
488.71,75.95,3213.72,665.59
484.98,54.54,1127.43,526.16
200.71,27.57,2877.21,345.78
298.9,54.9,4698.49,556.4
220.35,65.98,2590.37,404.77
213.94,44.38,3499.69,412.71
114.75,72.79,4119.27,406.95
343.83,58.92,4135.7,570.23
301.07,73.95,3077.12,505.65
120.59,57.41,4431.81,404.18
211.46,27.88,2565.51,339.26
463.31,38.58,4554.77,656.26
195.82,32.11,1960.91,302.87
157.96,74.53,2120.87,344.2
295.78,65.62,1212.48,395.69
494.26,60.58,4182.33,695.4
196.82,38.06,2668.22,347.96
368.85,31.04,1916.47,437.47
404.65,65.39,1927.16,518.16
195.06,48.45,4605.6,459.0
391.29,33.55,4335.67,580.13
247.11,57.0,3214.12,443.89
352.92,22.42,3464.44,489.19
353.41,39.57,2897.3,486.95
314.31,48.11,2566.67,451.95
136.12,28.88,4661.91,385.3
434.12,79.08,1502.45,541.04
228.31,32.55,2673.79,365.16
174.61,27.82,2378.25,300.33
116.31,32.21,2992.6,291.0
336.36,66.14,2830.53,509.83
371.03,45.53,3075.56,518.89
106.64,53.92,1559.68,244.18
304.84,21.26,3052.57,428.39
190.6,22.07,1969.68,284.06
358.07,46.75,1737.33,443.45
169.75,69.0,1259.34,302.26
376.38,73.11,4050.61,613.3
254.69,25.2,2709.77,377.05
474.69,52.3,3506.57,633.54
155.01,74.79,3910.37,431.72
236.43,43.28,3717.27,439.92
145.39,69.77,2882.0,365.07
469.88,28.02,2551.59,545.51
450.94,76.12,2503.84,600.13
203.18,65.09,3560.2,438.18
363.99,76.48,2979.18,554.87
426.89,60.6,4396.53,652.23
322.08,41.8,4498.81,545.31
311.86,76.29,1682.24,448.04
196.74,36.53,1544.93,289.44
137.24,39.93,3521.6,345.77
458.89,62.05,2204.9,570.43
460.17,65.92,1074.28,520.73
353.24,75.76,4554.57,623.97
235.61,32.29,1907.6,332.3
239.68,67.88,4717.12,529.42
390.38,64.31,3869.74,602.26
458.84,23.83,4050.61,605.35
454.83,43.23,1805.85,519.01
411.95,36.97,1936.78,481.85
356.81,38.27,3085.07,497.11
133.66,78.98,1688.4,309.81
164.65,58.57,2221.73,330.66
459.42,63.06,2285.85,576.42
342.57,78.6,1638.52,473.88
103.68,42.63,1820.73,237.93
140.59,68.11,4154.21,422.35
365.4,46.07,1668.78,444.87
102.02,72.17,1113.83,245.57
164.32,30.84,3517.42,353.59
319.49,76.86,4903.93,616.08
376.76,33.13,2324.86,467.34
360.78,39.57,1474.62,421.72
189.71,65.37,3281.55,413.9
384.87,43.63,4625.42,604.61
194.9,56.49,4136.25,447.47
230.16,46.67,3490.06,428.64
398.6,64.54,2260.23,528.7
359.85,33.7,3167.52,496.81
439.69,23.51,1364.98,455.26
363.05,38.0,3715.78,533.22
327.32,48.46,3900.38,529.57
137.47,30.08,4860.13,398.1
247.09,41.29,2041.59,361.68
206.08,44.0,1073.83,284.55
197.6,23.44,3182.43,352.36
489.2,55.0,3827.16,665.22
257.24,73.06,4161.63,523.46
456.82,29.1,1774.96,497.86
352.46,55.87,2047.01,468.12
417.92,59.88,3050.36,576.68
301.05,45.16,2322.4,424.7
330.76,62.07,4442.05,579.81
297.01,44.64,2895.04,449.32
178.1,50.28,4198.31,427.81
388.98,20.44,3322.48,507.97
212.31,61.5,4092.36,466.72
109.73,59.68,2330.69,293.84
358.19,22.3,4325.67,536.29
170.84,42.1,2098.29,304.73
476.18,78.74,3184.4,658.28
481.57,45.24,1856.03,545.92
465.95,50.12,2902.11,593.04
248.06,74.6,2272.7,423.98
106.18,63.04,2066.81,282.84
471.33,54.92,4867.94,702.85
271.27,67.87,1640.3,400.84
486.66,71.86,4149.3,704.59
485.45,47.41,4936.66,706.31
441.2,48.51,1079.61,479.7
217.78,43.16,3796.11,428.77
254.04,78.0,2011.65,420.82
440.45,61.83,1161.95,503.21
226.77,24.99,2611.56,349.48
167.8,71.78,4740.87,478.95
322.72,48.83,1047.06,383.78
474.46,24.13,3351.54,583.33
378.41,52.98,3005.59,532.48
328.02,45.03,4493.54,554.64
138.87,72.66,1336.01,286.89
346.0,32.24,3726.1,511.47
496.02,69.59,3720.44,687.22
156.03,53.46,3676.32,388.83
307.33,23.28,4769.34,519.25
450.95,78.31,4292.35,692.84
396.31,50.76,1167.89,451.58
378.81,37.45,2884.33,503.44
380.99,48.16,2591.81,506.63
243.8,71.47,2240.59,414.27
217.44,38.29,2805.35,371.66
423.74,31.56,2536.78,513.18
424.05,27.74,2729.34,517.32
446.83,37.87,4917.05,660.12
465.3,66.8,1354.53,540.17
304.54,48.3,4688.92,550.52
300.61,33.65,2920.95,437.01
419.32,29.97,3494.97,555.16
359.99,39.96,4320.73,563.97
380.79,76.4,2441.85,541.32
418.32,40.58,2721.69,531.61
456.0,79.29,2638.07,615.64
235.2,49.11,2498.92,386.78
250.23,30.75,4702.12,481.42
137.59,73.47,4315.72,436.06
331.31,47.62,1436.0,408.28
114.38,62.58,1432.49,257.0
286.24,79.02,2711.48,483.1
317.06,23.01,1394.63,357.89
214.62,25.8,3476.37,384.21
336.33,63.23,1574.77,442.65
112.2,36.91,3089.49,299.6
114.94,31.06,1028.88,189.98
429.04,22.36,2266.39,490.09
244.08,21.31,3708.76,412.67
150.82,66.47,2936.16,367.17
308.9,28.07,4913.08,534.87
408.0,48.06,4496.42,623.31
186.33,56.35,2436.28,355.41
349.16,45.7,1181.95,406.97
134.14,21.63,4382.51,358.88
120.67,67.01,4644.94,429.3
312.54,20.63,4282.51,495.11
316.25,65.71,1511.8,427.16
354.97,73.6,4991.66,643.96
390.44,45.97,2034.34,483.02
490.34,52.13,3896.82,665.31
306.52,48.62,4632.14,549.75
229.18,43.35,1942.75,345.51
418.07,73.25,4633.03,675.98
208.33,73.64,2237.93,389.02
275.59,40.15,4905.65,525.98
131.38,56.9,2125.04,296.71
110.14,75.61,4813.74,442.22
485.06,77.72,1214.18,565.34
434.39,50.54,3837.09,615.17
378.39,47.17,3128.44,529.89
263.58,36.72,2911.51,411.52
169.32,77.53,1893.98,346.45
162.57,28.57,3822.38,364.03
200.1,54.79,1763.24,330.42
319.69,36.95,3211.37,471.75
385.84,36.74,2012.98,464.43
364.08,44.3,4822.49,598.83
211.97,79.93,1114.52,345.2
481.95,23.3,1798.91,510.45
395.16,54.71,1969.24,496.66
321.74,24.95,2656.27,427.64
344.69,29.27,1930.92,416.2
267.84,46.37,2965.4,432.1
199.09,50.63,4489.86,459.71
242.39,35.53,3848.25,439.62
403.14,38.99,3319.85,546.98
105.76,25.22,1356.01,190.23
146.43,38.19,3775.97,363.23
118.4,77.99,1665.66,294.99
116.29,76.68,4145.47,415.33
442.18,40.09,2000.23,513.9
381.46,54.25,2668.19,519.96
289.67,74.58,2401.88,463.69
139.13,20.37,4435.26,363.63
296.65,68.64,1506.18,415.59
289.39,76.9,3262.58,509.99
169.28,25.48,1568.25,252.06
273.54,29.69,3819.18,454.32
259.4,77.64,4620.31,555.0
346.34,52.25,2738.43,492.37
354.04,20.85,2952.37,462.13
118.12,35.46,4709.69,383.17
249.85,47.0,3083.97,424.57
350.34,61.57,2950.39,520.16
301.25,63.99,3313.32,502.65
442.6,79.73,3756.92,661.51
363.48,37.25,1427.53,418.03
165.17,52.29,4284.44,424.8
128.23,52.0,2742.02,317.68
356.97,44.34,1289.39,416.55
110.6,30.15,4144.73,340.94
334.31,78.65,2507.8,510.81
476.09,71.2,1401.47,557.75
330.19,49.9,3535.12,515.76
255.27,56.19,4520.53,514.53
357.32,33.64,4551.01,563.86
283.3,52.63,4830.65,547.11
318.25,61.7,4470.82,570.69
476.59,50.91,1008.56,508.06
254.44,79.42,2520.96,448.73
484.48,56.68,4274.17,686.31
462.14,42.26,2465.01,556.35
178.32,66.33,3406.19,412.46
127.74,30.23,3425.27,318.8
140.31,43.07,2460.1,299.86
107.29,40.82,4617.9,377.95
137.78,45.91,3012.91,329.73
373.2,66.91,2859.14,541.88
128.48,49.05,4990.05,425.86
227.59,67.64,2974.0,432.23
437.95,54.59,1713.59,517.92
109.31,40.52,3052.28,300.85
425.79,68.6,4256.07,656.33
212.74,34.3,4107.44,427.01
147.27,33.46,4154.33,375.72
378.69,50.27,3832.1,569.97
351.58,35.65,2016.87,435.58
450.99,20.55,4448.34,614.03
394.03,58.9,4573.77,632.26
421.39,50.67,1776.61,501.94
212.81,46.73,1521.82,316.44
170.98,78.02,4902.42,498.93
400.25,54.27,4473.3,625.27
422.73,71.81,4572.94,674.54
496.2,28.37,4545.51,666.79
265.05,54.15,3166.75,451.6
248.81,72.08,3585.61,486.44
410.57,54.99,3181.45,570.0
236.32,63.08,1204.83,343.92
472.3,42.32,3982.01,640.43
443.37,25.55,3021.33,544.08
271.6,47.47,3590.84,468.03
400.35,43.67,3010.56,536.31
401.82,72.02,2967.25,577.85
141.25,34.64,1687.16,249.32
461.02,78.0,2114.85,591.57
302.1,77.49,1635.41,439.68
430.58,34.86,1782.67,485.89
228.02,40.88,4891.91,488.34
458.21,73.73,1612.45,557.79
255.68,78.0,2077.08,425.39
104.34,46.61,3362.36,321.5
462.15,39.26,3440.71,600.65
136.51,51.57,1615.9,267.36
227.73,61.27,4174.87,482.82
480.02,36.41,4140.81,645.67
480.24,64.19,1949.27,577.94
329.38,23.1,2154.67,405.88
352.73,22.96,4751.95,554.22
279.38,43.18,4302.69,503.4
217.28,41.21,3791.19,425.2
231.47,38.94,1328.93,310.03
369.01,49.46,2673.06,503.05
400.95,39.24,3237.21,541.49
416.63,31.54,1749.65,468.09
415.85,38.57,2792.91,530.18
136.48,78.49,3404.1,397.13
297.77,44.67,2309.51,420.69
123.02,46.68,4123.78,374.63
319.81,54.59,4361.8,555.83
276.61,79.0,2294.44,454.51
455.08,34.5,4354.63,633.54
240.37,60.88,1414.31,354.32
146.83,62.96,4350.92,429.45
157.2,56.44,1611.0,290.97
404.6,25.31,1331.71,428.24
347.29,60.61,3567.1,547.1
140.45,23.85,2887.75,292.52
133.64,55.77,4631.56,422.15
380.39,64.37,2452.76,523.51
129.11,32.66,2148.61,259.7
428.74,70.5,3002.94,598.89
382.5,21.82,2823.78,479.92
132.54,70.63,2377.71,330.86
133.94,47.62,3774.97,367.33
494.66,33.06,4038.25,647.22
249.71,28.03,4411.94,462.4
248.26,77.2,4891.43,558.97
425.12,24.36,2066.62,479.97
478.9,31.95,3864.37,624.26
494.4,40.87,2577.03,585.68
401.35,57.21,3708.33,592.32
250.5,52.69,2903.93,424.63
133.4,27.54,4975.09,396.78
410.86,37.38,3915.61,580.54
323.36,34.33,4809.97,550.68
269.69,32.81,4339.88,481.96
462.54,44.67,4611.6,667.62
144.48,62.24,4257.68,421.83
297.05,33.05,2836.64,429.04
104.54,42.0,2007.15,246.99
287.46,43.46,2481.28,419.22
122.52,78.59,1080.94,269.95
147.53,77.28,3095.97,388.74
147.01,68.01,3020.23,370.63
359.68,34.5,3101.0,494.55
398.42,24.08,4896.12,599.66
333.35,39.01,4645.82,557.49
484.87,36.01,1646.85,524.25
249.95,50.36,2475.53,399.27
214.28,66.66,2695.82,406.21
447.44,71.5,2442.13,587.31
189.44,70.69,4193.98,467.29
485.29,41.58,3096.15,605.41
104.86,61.23,3288.4,340.16
487.95,38.77,4412.05,669.12
117.26,23.65,4223.71,340.48
456.46,62.09,1528.85,534.75
311.08,20.59,3855.66,472.53
497.19,44.55,2741.74,601.66
129.52,39.76,2178.6,272.19
321.54,61.6,1200.08,409.64
487.72,65.97,2949.0,636.59
309.24,38.25,2421.75,425.85
351.76,68.7,2006.05,484.76
378.3,37.64,3778.69,548.03
281.82,46.78,4077.94,499.52
351.02,63.62,1979.16,475.21
333.73,61.58,1197.79,419.23
460.46,79.24,4395.01,706.98
118.18,33.51,1039.84,196.8
212.39,59.74,4748.45,496.94
480.16,56.58,3510.48,644.53
456.11,74.91,2287.39,591.61
282.26,29.38,1985.91,369.18
348.05,65.11,1036.02,427.91
210.95,54.1,1941.89,347.0
175.25,36.48,1550.91,272.46
285.48,48.47,3448.66,473.52
241.34,40.03,1666.18,336.42
333.46,54.76,3114.52,504.63
131.09,73.34,3360.47,382.91
489.76,54.16,2192.17,582.65
494.48,57.9,1140.26,539.46
379.26,51.12,1149.02,437.55
314.44,23.07,1105.39,341.43
223.81,33.97,3956.5,427.83
425.52,49.52,2272.04,528.3
373.89,38.61,4185.2,566.3
165.05,30.91,2726.93,314.74
464.37,50.25,2811.99,587.47
429.01,39.37,3051.53,554.84
479.92,35.49,3852.13,629.77
390.29,47.84,2094.01,488.69
345.37,28.0,1486.35,392.61
267.3,75.66,3224.23,488.55
473.09,72.06,2307.91,601.96
446.43,62.46,2769.97,589.32
118.09,26.37,3587.79,313.42
110.55,66.55,2976.5,337.09
250.59,68.48,3481.12,477.24
424.22,66.07,3176.8,597.32
494.91,26.84,3959.19,634.14
160.17,58.63,3823.75,407.27
337.65,70.06,3136.76,532.05
252.36,54.64,3715.61,469.63
487.97,58.78,4494.24,703.26
436.85,47.5,2729.09,557.19
435.33,51.72,2651.05,558.4
287.48,22.06,4056.98,465.92
265.93,58.34,3330.22,466.76
209.36,24.89,1284.03,269.02
122.55,46.1,4568.45,395.61
445.89,37.56,1123.13,469.21
425.16,52.73,3993.59,618.9
499.89,28.0,4035.18,643.68
498.65,61.5,4812.44,731.79
322.17,67.7,1216.54,420.12
407.59,29.8,3387.43,540.15
477.91,26.26,2711.36,557.28
439.86,28.73,2322.53,511.11
198.94,72.63,1361.27,336.16
280.22,51.69,3250.62,464.24
151.66,48.04,2916.16,339.19
481.62,26.4,1418.22,495.81
342.47,58.97,3449.96,534.93
191.46,72.08,3951.81,458.88
368.68,69.69,4069.11,602.94
347.25,57.56,4621.49,595.22
243.27,24.52,2637.88,363.28
145.42,26.74,4812.29,397.07
368.63,22.96,4461.72,552.43
308.12,35.45,2186.01,408.97
408.93,28.14,1637.13,451.21
308.07,35.6,2741.56,436.93
440.87,43.1,2607.59,547.73
320.76,76.58,3302.88,536.62
324.38,56.62,3333.54,511.11
450.66,70.1,3999.95,665.67
261.39,62.62,3039.56,455.02
153.61,26.75,1419.29,233.97
111.51,64.16,4433.17,407.1
402.05,36.51,2239.06,488.36
348.12,58.35,4885.19,610.28
381.63,40.46,1471.44,439.56
185.19,79.86,4833.0,509.59
154.55,35.81,1364.05,245.56
105.82,36.75,1924.14,235.98
240.24,75.84,1186.32,365.26
335.97,21.48,3820.45,492.01
256.9,61.8,4401.19,518.28
274.99,63.52,2736.28,452.09
461.66,70.18,4714.09,710.31
239.3,78.47,3361.2,477.2
305.6,78.54,3520.03,538.28
413.46,23.92,4381.68,585.73
258.62,69.31,2187.2,420.22
348.83,58.78,2417.06,488.09
444.95,58.84,4623.81,675.41
479.81,27.7,4603.85,655.59
158.83,59.01,4905.93,460.88
470.64,78.95,4607.35,725.3
296.85,74.71,1509.49,425.02
203.3,46.35,4294.9,446.9
283.65,22.4,2639.35,392.49
492.01,41.74,4963.21,704.38
297.05,69.58,2889.12,486.47
231.5,62.09,3215.34,439.1
353.36,47.56,3119.1,509.98
196.06,23.31,2286.95,306.15
130.35,45.61,1300.09,237.7
151.55,48.14,4582.6,422.58
151.22,75.71,4210.7,445.08
160.76,58.47,1558.11,294.21
155.53,38.7,4107.07,387.83
356.35,51.52,3503.39,537.53
172.75,23.96,2636.58,305.98
238.27,78.35,2016.08,408.95
458.72,41.6,4438.92,651.32
289.58,48.67,3800.75,494.71
367.02,41.32,3190.96,515.14
168.93,60.95,3438.27,398.48
176.92,59.73,1364.26,299.35
116.35,62.92,2895.68,332.24
167.57,36.09,1774.8,276.93
211.44,38.94,1833.53,319.24
170.8,27.52,3645.22,360.18
135.48,59.33,4645.02,429.63
148.25,22.39,2615.03,282.94
284.31,55.86,1831.0,402.79
182.53,72.18,3594.99,434.05
245.71,73.45,4484.75,530.98
301.37,46.94,3993.28,511.17
376.16,47.56,4475.03,596.02
115.72,24.62,3146.22,286.82
419.76,60.25,4007.5,626.56
351.16,69.28,1560.26,462.85
132.7,34.68,2393.1,277.84
449.43,45.28,2558.2,555.37
468.35,70.33,3045.18,632.43
124.43,72.63,4716.31,444.3
210.75,34.59,4497.19,445.35
422.48,53.03,1538.1,494.44
399.3,31.55,1691.16,451.33
173.81,26.11,2430.56,299.74
183.74,74.67,2162.98,367.14
248.19,69.23,3459.08,475.35
293.81,65.6,4611.1,564.01
347.3,22.93,4849.17,554.69
247.57,70.62,3614.41,484.71
285.01,46.28,4352.64,515.07
398.99,40.54,3100.81,535.05
114.67,52.79,1833.31,262.59
200.97,25.48,3098.75,353.94
385.34,65.4,3220.33,567.39
458.08,54.95,3969.83,647.38
304.67,31.2,1879.53,384.51
312.85,31.29,2473.24,420.88
142.87,31.05,2456.11,283.68
278.96,23.42,4837.76,500.19
313.05,55.27,2775.78,472.13
196.99,70.42,4020.38,464.24
207.7,21.05,4003.25,397.89
250.91,22.94,2062.18,338.25
108.03,54.37,3287.48,332.35
228.83,69.17,4577.21,515.68
184.58,39.6,2900.79,352.11
231.0,40.98,4780.47,485.29
147.9,55.78,1857.83,294.89
456.21,36.45,1296.64,484.48
337.44,21.6,4565.82,530.64
371.64,64.11,4390.72,613.02
415.67,57.54,4970.36,667.36
299.38,54.85,3717.57,507.65
134.77,64.5,4746.75,441.9
314.84,60.51,4307.8,558.03
334.74,32.35,4377.71,535.2
398.18,41.15,3276.57,544.09
272.66,27.57,2529.46,385.95
151.03,27.79,4738.23,399.42
213.51,60.57,2728.47,398.09
245.23,71.52,3155.28,461.22
358.37,77.76,2784.46,542.56
328.31,57.7,3259.27,512.16
242.44,31.05,2882.02,384.62
494.61,26.34,1191.87,494.79
342.31,68.77,4528.19,603.41
194.89,54.73,2777.58,376.88
140.71,57.1,3355.77,366.0
161.14,66.89,1556.75,307.08
198.38,62.2,1013.55,302.68
164.27,70.07,1981.16,335.58
174.63,23.37,3818.34,365.68
214.04,64.85,1396.78,338.35
169.35,71.05,4635.55,473.83
458.71,37.17,1860.09,515.72
132.09,58.43,1818.37,284.23
309.8,38.85,1726.03,392.42
264.16,77.48,1055.93,380.34
492.95,22.01,4087.22,631.73
144.82,54.79,4500.14,423.04
259.14,29.99,3456.65,425.13
487.79,62.73,1752.8,571.97
446.2,30.55,2141.11,509.85
426.83,34.12,2903.71,537.83
203.16,49.66,4817.38,477.89
168.36,74.89,1989.41,346.49
367.46,32.7,3926.58,539.35
471.75,28.65,2757.79,558.27
322.71,65.54,2191.39,466.04
328.65,50.04,2823.66,479.16
211.99,74.71,1284.83,345.9
407.8,28.8,4194.75,579.17
174.82,58.76,1973.21,326.65
229.47,33.97,3901.65,429.62
270.17,29.41,1273.39,323.92
303.04,61.01,4820.39,574.96
196.96,55.62,1772.06,329.61
145.93,65.29,4530.97,441.23
344.25,38.57,4237.89,545.14
215.45,46.88,4871.44,486.25
332.5,44.33,2911.56,478.07
161.75,79.05,3909.59,443.44
292.46,37.53,2482.84,414.41
313.04,37.69,1737.47,393.84
120.73,41.27,2772.3,297.11
234.64,53.88,1663.0,351.68
153.77,35.14,4928.18,422.13
125.35,74.92,1384.99,281.91
495.98,35.94,3356.85,618.54
228.94,73.75,3505.86,469.07
423.95,26.21,3152.32,536.09
201.86,59.39,3648.74,433.01
372.6,74.42,1464.72,482.95
404.09,30.12,3220.07,529.46
338.26,78.1,2148.85,495.2
288.63,47.17,4760.7,539.7
264.74,76.74,4048.29,529.32
239.55,60.61,4890.06,527.05
471.81,38.1,1150.22,492.1
432.25,31.3,2140.53,499.77
486.01,38.22,1781.69,535.23
149.72,25.58,1044.62,210.38
392.35,28.63,1969.3,455.29
475.34,26.28,3715.1,605.44
172.49,45.38,1924.36,302.28
126.6,67.73,3036.01,354.68
396.45,28.48,4551.27,587.45
329.79,27.82,3775.03,494.31
436.73,58.61,2578.52,566.22
155.91,31.83,2489.88,296.97
418.11,25.86,2822.94,514.42
180.65,30.01,1708.17,274.95
165.46,75.42,3536.0,422.31
165.71,69.29,2456.61,359.33
425.83,41.24,4409.46,623.0
366.08,59.35,4026.21,583.2
309.23,52.24,3442.05,497.84
243.53,60.63,2456.81,408.61
450.88,60.96,1839.73,544.13
256.98,57.72,4104.61,497.4
426.64,35.97,2945.64,542.54
275.65,22.34,1899.0,348.98
250.78,47.33,1780.7,360.66
285.07,73.46,1661.6,421.33
220.55,54.17,4108.64,463.13
399.04,69.94,1915.95,519.95
301.09,79.5,3106.57,515.45
192.89,29.82,2806.19,339.34
459.83,61.51,3318.44,626.05
253.56,60.46,4508.62,518.96
317.42,78.8,4470.99,595.68
462.59,79.14,2804.3,628.99
349.7,61.2,1061.47,424.63
146.76,34.62,2705.78,304.62
475.93,67.91,3424.77,653.86
351.08,26.42,3231.06,482.05
233.96,66.84,3605.34,467.7
155.71,74.61,1616.3,317.3
417.61,42.97,3586.14,577.85
348.03,57.84,1730.61,451.71
313.38,45.81,4002.1,519.53
457.56,46.27,2356.35,553.26
415.44,38.62,3839.58,582.26
160.67,65.73,1191.46,286.7
224.69,76.17,2631.44,425.58
199.4,76.45,3820.14,465.19
397.58,30.49,1907.48,459.17
113.41,72.48,4181.15,408.51
327.96,64.25,3523.12,534.89
404.98,35.17,3350.25,544.25
450.71,24.04,2414.2,517.33
236.83,36.08,2929.81,390.08
428.5,74.73,3389.4,624.37
144.25,57.99,2889.85,346.88
438.58,63.26,3793.25,635.42
151.0,35.43,2734.79,310.68
258.91,63.16,1809.09,392.33
418.92,21.69,1855.74,460.45
159.97,42.52,1023.22,242.91
191.7,57.61,2203.83,349.96
388.9,28.77,3995.67,554.05
388.01,69.38,4176.65,623.31
356.46,34.1,1809.87,426.81
377.58,59.14,4836.18,632.58
317.09,44.31,3009.61,470.62
200.72,55.76,4667.91,477.62
238.28,26.45,3827.06,421.65
172.64,21.01,3889.73,364.12
463.38,74.57,1340.17,549.57
333.36,36.18,1879.96,414.95
260.34,69.18,1035.26,363.81
284.8,79.96,3864.51,541.01
478.91,32.69,2377.75,551.05
161.34,35.91,4146.61,390.27
334.49,59.77,2355.74,475.04
302.36,77.93,4277.34,572.64
344.58,74.95,1522.79,464.23
107.24,50.17,1693.49,245.73
448.85,67.71,2363.51,578.81
472.85,28.14,2633.95,552.19
326.05,78.65,2394.81,498.55
378.66,77.86,4054.59,622.45
469.0,29.82,1387.81,489.33
382.9,37.97,2404.87,483.51
161.02,26.01,4348.96,385.27
330.52,36.3,1267.19,382.23
342.69,68.96,4769.37,616.05
269.65,42.7,4945.27,527.03
394.58,25.3,1354.27,421.33
473.75,40.53,2165.09,548.05
470.23,78.88,2489.6,618.99
280.34,57.78,4105.57,516.22
145.3,44.97,3383.71,352.88
493.94,29.99,3577.46,619.01
435.56,79.17,4030.04,668.71
149.87,69.25,1471.92,297.36
468.34,36.89,4332.84,646.64
447.96,24.2,3822.48,585.8
307.54,23.4,3309.37,446.59
336.51,27.22,4558.94,537.99
259.6,54.85,3801.23,480.01
121.9,75.73,1806.8,301.45
234.08,49.8,2718.98,397.92
421.14,70.58,2976.17,591.59
101.85,46.75,1220.87,212.66
233.4,62.52,4818.55,521.42
259.27,63.91,1514.31,379.0
314.96,30.44,3789.85,487.12
467.94,41.67,3024.92,588.11
238.54,58.24,1102.53,333.31
238.78,24.24,4698.99,462.34
395.0,41.69,4407.35,598.91
280.89,52.09,3097.03,457.69
189.84,79.77,1915.77,367.32
280.98,48.47,1486.49,371.81
156.34,68.96,2453.57,351.2
170.55,45.92,2021.71,306.42
299.35,67.78,3026.76,492.49
267.57,55.72,4865.64,540.93
465.94,73.2,3299.81,647.53
244.96,44.66,4559.72,490.94
332.24,56.26,3603.52,530.35
352.91,57.8,2900.99,514.08
105.24,45.04,4418.43,372.68
365.41,28.66,2885.47,479.59
171.21,25.61,4474.51,399.12
484.43,21.0,2166.31,527.36
159.47,72.41,1515.25,311.95
265.85,34.19,4421.26,485.03
134.14,32.69,3349.66,323.83
498.75,64.16,4556.37,723.06
300.88,39.2,4751.31,537.07
338.15,50.36,1214.51,406.79
126.83,29.75,3003.88,296.28
399.98,77.58,2499.86,561.36
183.96,71.09,3503.43,428.98
459.22,71.83,4174.36,683.84
182.06,44.41,2122.36,318.37
176.28,65.74,3227.19,400.99
114.62,28.63,3834.91,326.39
288.83,20.52,1537.72,338.72
325.94,21.2,4256.27,505.36
126.28,55.2,3424.44,355.04
410.21,47.32,4798.15,639.06
281.32,51.08,2358.12,419.58
309.76,20.45,1432.58,350.11
276.31,45.36,3026.0,440.39
260.31,63.08,1343.24,370.03
323.86,46.56,4878.11,572.83
162.1,63.93,1154.74,283.31
172.77,33.98,4014.02,389.89
444.71,68.79,3100.41,613.97
478.45,55.31,2474.48,589.44
249.32,32.65,1263.37,311.6
208.3,34.2,3488.67,392.38
357.6,57.68,3340.88,539.65
263.49,69.8,2123.53,421.67
110.15,44.94,4640.89,387.57
162.46,35.5,2216.44,294.04
386.39,72.02,2798.9,557.09
363.57,60.16,3175.05,539.84
110.84,46.89,1400.93,229.04
188.79,49.27,4728.65,461.37
192.43,32.26,2498.14,327.23
368.76,57.61,1323.12,447.57
107.88,41.52,2549.16,276.05
141.64,79.74,3400.81,402.96
419.97,48.81,3054.61,561.92
171.42,49.15,3778.17,399.77
361.1,53.95,1221.94,430.9
195.27,75.01,2138.16,375.63
139.78,68.05,4276.92,427.74
197.27,47.07,1319.57,294.4
388.91,63.12,4421.94,626.91
442.28,55.17,1367.58,504.96
432.09,49.54,4337.82,636.87
258.87,31.54,2443.15,376.56
367.23,47.84,3448.84,537.98
181.99,34.75,1611.55,278.3
217.26,74.89,1264.67,349.38
458.53,40.12,1863.75,520.2
105.2,77.14,1511.42,275.44
134.2,51.98,2249.62,297.82
183.15,57.89,3057.53,386.24
110.61,52.58,3355.04,335.11
172.57,27.76,4159.47,387.68
333.22,42.55,3624.96,511.65
268.57,25.95,3435.03,425.53
457.07,57.38,2647.13,584.08
426.98,46.81,2895.23,556.56
236.73,66.68,2658.08,422.3
203.77,33.23,4368.66,431.29
251.88,29.87,1920.0,342.31
336.12,44.38,1022.88,386.61
207.23,75.6,3605.28,459.44
349.66,62.63,1809.85,464.16
263.76,45.14,4560.46,506.74
320.82,51.04,4436.19,555.02
274.45,25.05,1306.91,322.49
217.79,79.07,1425.55,364.12
479.38,59.98,2980.69,622.52
405.44,37.12,3436.89,551.88
156.05,55.15,2099.63,312.54
447.39,26.57,3867.19,591.12
294.97,77.95,3379.66,521.89
457.82,30.49,2299.3,526.95
419.94,58.88,1101.49,479.35
270.09,34.73,4000.6,468.19
108.99,63.05,1859.01,274.72
207.47,66.61,4337.89,482.79
316.65,60.41,2681.16,477.99
353.39,56.87,3308.31,533.43
203.16,73.55,4491.79,497.44
155.74,24.72,4454.49,384.39
433.97,39.85,2486.08,531.26
493.76,34.9,1835.56,539.13
310.28,79.28,4100.58,572.17
168.67,43.36,2732.32,336.6
208.92,63.96,1768.17,351.48
107.36,61.08,4617.7,408.4
465.72,32.72,1792.42,511.28
147.1,34.34,1103.23,224.35
330.61,36.88,1081.12,373.86
209.62,44.67,3489.26,409.16
321.67,34.06,3646.7,490.76
360.57,21.18,2244.17,432.43
431.9,72.76,2280.04,568.66
182.57,77.94,2357.98,380.86
104.4,40.49,3720.63,330.29
154.75,40.31,1232.54,245.9
460.01,20.43,4716.47,634.47
449.56,60.82,1890.08,545.37
338.97,69.53,4998.69,625.4
340.21,28.8,1686.09,399.66
366.01,29.58,4086.19,541.49
170.15,67.4,1893.65,331.91
465.76,56.98,1323.39,524.25
267.51,22.69,4499.73,473.03
253.26,57.35,4435.01,510.38
307.57,38.54,2614.28,434.57
118.79,42.12,3809.58,348.69
166.51,66.18,3228.26,393.9
395.21,68.66,4411.82,639.75
133.12,44.02,2260.22,285.54
341.26,76.83,3094.69,542.99
198.14,44.39,2941.49,372.17
255.72,66.31,2415.62,424.82
215.48,49.03,4565.82,474.22
242.27,73.85,1663.51,387.77
387.62,74.47,1598.03,501.69
218.85,25.25,3307.64,378.33
326.56,76.19,3629.98,557.03
290.42,69.53,1778.48,425.56
365.47,67.48,2562.87,521.74
474.73,32.05,4786.26,667.18
393.03,68.31,1986.47,516.21
185.98,71.01,3673.44,438.97
112.47,37.35,3960.6,344.03
204.91,77.14,2792.51,419.25
338.03,22.99,4750.1,542.42
120.57,28.99,3946.63,337.28
298.55,52.25,2831.7,458.8
338.74,54.55,3277.34,516.68
233.7,58.71,3770.45,463.54
408.36,21.02,3368.76,526.66
142.64,77.62,4514.79,456.28
130.06,22.68,2427.55,259.43
391.28,28.58,2199.54,465.87
298.2,20.84,1855.36,362.59
375.36,54.01,1151.13,438.86
273.93,75.94,1172.06,391.65
198.56,59.96,4480.22,472.79
427.64,69.36,3713.57,631.83
419.77,20.8,3642.13,549.11
377.88,52.52,3458.57,554.01
208.86,47.57,4396.88,458.29
336.09,49.94,2921.07,489.83
244.39,24.33,4481.64,456.09
136.63,61.07,2437.78,322.79
466.93,50.19,4706.83,684.17
154.73,65.91,3794.63,412.38
480.09,49.12,2028.71,559.19
278.4,28.96,3256.34,428.98
174.05,58.9,3132.12,384.19
316.76,30.34,1551.6,376.5
449.18,72.34,3364.97,636.11
392.89,56.79,2259.14,512.45
422.62,29.43,1209.4,442.72
363.51,77.74,4794.62,647.15
376.91,51.1,3565.96,556.48
439.68,24.37,4507.68,613.69
199.87,57.61,3704.22,431.52
295.77,35.19,2427.93,410.8
188.48,68.22,3050.75,405.66
495.07,69.07,3702.99,684.81
477.62,78.74,4841.01,742.25
115.77,50.11,2014.68,268.52
382.23,47.3,4499.91,601.73
470.1,65.21,4696.31,708.71
172.23,27.95,3681.66,363.79
327.18,52.81,4725.07,577.22
466.2,52.77,2591.51,581.69
113.58,25.37,4812.06,369.52
378.97,45.08,3811.13,561.35
218.94,71.2,1168.02,340.35
469.76,71.37,4627.49,714.24
488.42,25.95,2937.89,576.56
477.71,25.44,2841.31,562.4
289.69,35.76,3265.87,448.68
444.82,72.49,1597.54,544.46
437.82,27.73,2876.66,535.69
227.64,63.2,4324.51,493.14
431.57,26.07,1061.93,437.45
114.8,57.39,2091.67,282.51
338.51,41.36,1009.82,383.34
192.0,67.33,2662.85,387.75
148.23,34.02,3913.26,365.28
130.78,58.35,4195.09,401.91
378.52,34.14,4780.76,593.06
235.95,62.82,3434.02,454.69
389.91,72.42,2018.51,521.48
126.14,27.61,4696.59,377.16
226.12,72.0,4101.26,493.95
315.8,55.61,3297.71,500.94
416.29,27.63,3782.56,563.6
227.5,45.65,4697.27,485.34
350.36,29.65,3849.58,517.24
454.39,62.02,2473.5,580.22
346.35,65.53,3852.11,567.98
193.18,26.35,1161.11,252.12
109.76,50.37,2545.66,290.64
448.04,68.88,2625.29,593.01
108.51,76.17,1667.35,284.43
449.88,50.81,1092.34,490.74
311.57,77.02,1533.52,441.46
475.63,52.14,3618.49,639.64
419.51,43.65,4209.16,611.55
499.17,70.89,4952.81,753.32
240.28,49.58,2385.45,385.87
406.88,48.31,3397.52,567.85
260.77,49.42,4748.58,520.18
291.95,70.81,1668.17,423.18
351.0,69.92,3870.58,579.21
449.47,44.21,4019.91,626.89
493.63,40.0,1355.9,522.7
407.31,49.52,4445.0,622.37
267.11,54.37,4252.42,507.86
268.54,34.3,1133.61,322.97
395.03,67.64,1364.34,485.7
195.51,49.19,1196.51,290.02
144.19,40.04,2338.97,292.36
241.85,26.41,3037.16,384.95
214.9,34.33,3129.39,379.88
218.52,76.96,2070.67,393.79
193.44,38.31,4646.39,444.53
116.84,30.13,2473.05,262.32
107.15,47.64,1182.2,216.29
495.09,38.43,2200.91,563.75
271.11,22.11,3124.44,406.27
253.73,39.39,2632.89,393.71
371.86,52.65,2095.37,481.23
187.3,53.1,1525.29,305.76
479.98,41.39,4276.66,659.91
414.54,46.84,4984.58,651.12
135.76,77.93,2318.17,341.42
267.03,42.64,2526.48,403.91
451.65,35.49,3472.15,588.17
477.89,34.61,3873.77,627.91
286.96,47.47,2568.12,429.17
345.36,65.57,4619.72,605.63
166.81,32.36,3240.02,343.99
496.47,62.56,2801.56,631.09
192.67,21.27,3586.69,365.37
477.09,45.14,4811.22,689.94
359.86,66.55,4178.21,596.63
343.09,40.32,1160.05,392.96
305.08,53.82,2329.24,441.26
192.27,32.3,2882.18,346.37
170.61,64.52,2258.07,346.17
188.19,23.14,3800.75,375.3
174.58,71.15,4305.08,461.64
411.83,31.89,3925.38,573.57
240.05,72.46,4957.33,548.6
123.14,41.15,2090.19,264.75
487.64,63.36,4499.96,710.15
453.51,39.15,4066.49,624.87
471.1,74.35,2448.72,610.85
497.96,27.6,3936.5,636.59
169.56,30.71,1416.3,252.53
258.5,49.58,4157.33,489.04
403.3,24.92,3129.32,516.48
378.41,31.76,2169.16,458.82
161.56,76.63,3623.11,425.34
426.33,78.59,3566.48,637.27
189.78,42.58,1837.94,307.58
189.53,75.4,1121.59,320.8
314.79,52.69,2734.49,467.59
337.18,36.18,3278.05,487.92
332.03,62.14,4506.42,584.16
136.59,59.53,4712.87,434.22
450.98,79.35,3115.22,635.57
206.24,35.9,4015.21,419.61
151.81,60.32,2757.21,349.79
455.5,23.12,3984.33,598.3
482.26,26.82,1819.21,517.0
444.85,20.24,2484.26,510.45
423.81,79.97,3536.91,635.84
362.1,68.14,1072.63,445.51
320.34,67.2,3889.85,551.57
134.79,50.58,4342.14,400.82
263.38,38.0,2596.57,397.54
249.08,29.08,2791.77,382.46
203.9,37.08,4405.13,439.0
389.37,42.56,4102.62,580.46
298.35,65.38,2152.6,444.38
132.42,52.38,2295.9,299.3
188.07,24.65,3715.51,373.21
373.3,21.08,3252.79,492.91
130.45,26.14,1648.92,226.02
440.48,44.63,2239.72,531.32
298.06,75.99,4599.93,582.43
292.23,58.24,3752.7,508.79
336.96,68.11,4943.9,618.93
429.87,47.98,4068.05,619.27
239.12,41.7,4767.9,492.24
371.21,26.5,1864.75,429.96
326.29,72.56,4085.94,574.17
206.81,66.99,1080.87,319.98
451.45,30.09,3683.04,590.44
418.97,50.74,2877.13,555.14
363.38,49.24,2387.04,483.92
440.23,57.51,4449.62,660.93
446.92,76.77,4417.07,693.54
383.35,54.79,1089.21,443.32
434.81,52.41,3438.02,598.36
378.99,23.02,2471.33,461.29
372.06,23.77,2662.64,466.44
347.44,31.24,4328.16,541.23
401.09,21.95,2239.36,465.76
163.44,64.6,4772.2,466.27
452.35,63.4,1718.54,542.91
448.74,28.16,3650.89,583.78
111.7,70.16,3688.42,379.03
430.33,29.29,2008.78,488.63
151.55,38.07,2299.0,293.29
234.05,34.94,4339.19,456.61
397.4,42.34,4047.22,583.79
164.3,35.28,2316.38,300.18
427.19,49.34,3135.83,572.55
432.85,44.44,1246.72,475.29
302.99,79.19,1834.98,452.93
102.55,23.36,2943.28,264.24
214.82,28.53,1343.89,281.84
346.77,23.17,4373.33,530.84
492.47,57.55,3872.02,673.91
352.73,23.27,4774.53,555.81
203.92,70.19,3773.87,457.11
353.6,50.72,4761.61,597.04
315.99,51.62,3218.05,491.13
411.94,53.7,3400.87,580.14
142.79,30.25,4907.88,405.0
404.41,31.86,3568.52,549.75
316.51,39.13,1123.15,368.06
485.2,55.61,3895.21,666.33
236.75,32.61,4621.87,469.4
353.05,26.98,4182.32,532.02
472.81,78.21,3335.33,662.33
141.0,21.32,3685.21,329.04
474.89,68.16,4960.77,730.19
375.15,67.28,1362.65,469.18
127.13,37.83,3668.98,341.91
220.39,28.14,2133.59,325.19
383.27,28.74,3560.36,527.74
126.94,61.85,3430.49,365.85
332.87,58.57,1613.83,434.84
238.35,66.96,1826.99,382.48
348.37,76.25,3486.52,567.39
118.3,61.52,1512.92,262.56
448.61,29.35,2060.72,505.95
489.4,34.61,4340.98,660.48
487.55,70.53,2308.37,611.26
399.86,32.56,2952.24,516.34
152.03,24.35,4764.56,396.38
403.31,62.2,1908.6,511.37
109.83,44.15,2558.5,282.02
108.85,75.2,3425.83,371.17
229.44,59.02,4021.36,473.15
295.46,25.43,4606.61,504.83
408.16,76.87,4661.89,674.93
373.32,35.51,4106.56,557.25
278.36,40.23,1913.32,378.7
209.45,44.14,1099.24,288.73
498.85,23.07,2535.1,560.44
270.47,49.79,1566.2,369.37
280.55,27.4,3841.55,457.62
165.45,44.06,3644.52,380.67
417.92,41.04,1175.89,454.7
377.47,66.37,4346.38,618.85
188.31,68.19,1994.97,352.68
132.95,29.2,2728.91,286.61
372.2,41.99,3671.73,544.34
361.8,42.4,2717.68,488.93
209.3,29.08,2765.15,349.33
480.35,67.91,1262.51,549.26
160.42,62.43,2605.77,352.28
272.93,31.42,4059.39,468.45
477.45,42.0,4660.71,678.0
267.89,26.35,2653.99,386.53
355.41,57.69,2694.34,505.58
259.04,27.28,3810.51,438.68
209.69,79.16,4771.09,525.04
493.59,66.84,2068.24,598.55
263.73,43.41,2760.58,414.14
457.64,54.71,4183.89,657.38
191.98,74.68,3438.77,437.54
185.24,53.25,1442.35,300.18
112.45,30.47,3510.93,311.21
360.67,42.72,1746.99,439.97
247.41,70.59,3040.86,455.85
445.74,58.65,3116.41,600.39
289.28,59.04,4504.81,545.23
487.28,72.01,2849.98,640.33
174.21,73.64,2117.77,355.71
447.45,75.19,1923.87,566.93
410.64,25.69,4497.01,591.9
408.37,52.65,1684.04,489.87
437.91,64.43,2703.47,582.15
404.41,65.42,1748.69,509.09
350.49,56.4,4093.22,569.66
152.5,30.01,2897.49,311.88
113.01,67.85,2404.57,312.4
468.34,63.21,2444.4,591.7
346.66,25.17,4408.86,535.52
418.61,47.83,3215.1,567.39
292.61,30.44,3871.47,473.32
146.92,40.25,4588.15,407.32
150.07,21.08,4606.97,382.04
374.23,44.02,2314.04,481.11
272.12,52.99,4809.81,537.68
180.21,57.17,1099.5,284.91
296.64,59.81,2507.34,452.39
125.68,70.18,4583.2,434.97
332.79,32.93,2098.55,420.55
207.6,27.23,2092.33,311.54
419.02,71.09,2210.49,552.38
224.14,29.4,3449.25,395.87
282.09,78.49,2753.33,481.07
104.65,70.55,3906.94,384.89
128.98,50.05,4579.64,407.24
257.0,78.89,3696.8,508.77
291.98,25.84,1817.87,363.24
340.01,38.18,4730.73,565.82
216.67,58.29,2057.97,363.67
377.99,41.0,1599.58,443.87
444.05,75.7,1359.87,536.79
411.94,23.94,3253.53,528.14
115.85,52.96,1455.05,244.88
292.2,55.45,1555.1,394.7
141.97,59.16,2200.12,312.33
196.82,35.34,2126.61,316.79
494.67,41.87,3416.96,629.39
157.0,70.62,4266.98,444.88
299.56,31.7,4045.4,489.46
347.26,69.61,2049.94,484.72
380.99,53.76,1981.24,484.49
323.86,65.73,4863.17,600.84
103.91,62.82,1032.94,229.0
230.58,32.45,4518.88,459.09
307.08,54.13,1798.91,416.81
135.15,72.06,4789.14,455.67
240.25,45.93,2369.23,379.55
113.28,78.0,2761.41,345.69
131.43,47.13,3828.48,367.27
258.77,28.57,3350.68,417.4
153.09,43.37,2271.76,301.11
327.02,77.1,3215.32,538.03
375.79,39.18,3922.83,555.55
420.23,72.09,1169.34,502.78
180.06,72.88,1044.8,305.6
166.99,41.01,2832.27,336.72
141.83,25.0,1527.35,227.32
354.57,63.47,3657.38,561.74
382.59,38.69,1856.21,456.92
112.63,66.98,2731.4,327.14
474.48,46.56,1790.68,538.96
120.79,49.12,3193.93,330.0
316.52,66.67,1464.21,426.44
383.62,42.94,1092.43,425.93
448.39,46.59,1204.53,488.82
385.63,42.57,4817.03,613.22
420.69,42.04,1569.14,478.07
235.78,51.56,3833.91,457.65
425.93,68.53,1271.7,507.12
132.05,41.71,1432.64,239.83
457.93,51.46,3035.51,595.3
319.04,60.24,2859.48,488.57
426.92,36.17,4806.32,636.1
280.93,36.65,4779.34,518.69
357.43,76.0,4118.43,605.87
310.56,63.41,3408.41,513.99
392.64,54.63,2819.84,537.05
132.65,58.86,2424.71,315.65
124.14,21.76,4788.35,371.37
198.84,57.09,3411.64,415.28
163.82,50.57,3316.29,372.72
448.71,52.74,1927.6,534.47
187.69,41.57,1186.79,271.84
490.35,24.89,4780.75,668.65
234.76,31.6,2254.94,347.95
172.85,77.04,2770.36,392.36
415.88,44.52,1458.56,472.41
363.48,48.0,4347.7,580.17
299.28,23.16,1110.53,329.69
322.15,22.25,4335.96,507.9
387.68,63.03,1561.14,482.75
191.38,52.29,4546.26,458.85
498.53,50.52,3919.09,670.56
489.92,34.59,1658.68,526.75
360.13,64.69,3263.27,548.3
179.82,30.09,2250.63,301.53
372.09,31.4,1712.93,430.41
128.88,47.64,4436.73,396.4
112.26,37.18,2614.09,276.28
203.07,34.85,2594.17,344.44
285.05,58.71,1679.55,400.09
447.31,59.06,2532.26,573.05
390.87,69.47,4486.47,641.22
397.08,45.06,2452.51,507.89
270.2,24.39,4806.41,493.06
238.37,36.42,4785.24,484.59
248.42,78.8,1579.59,395.91
495.06,55.78,1709.25,565.17
116.04,62.58,4450.7,409.25
446.81,20.44,2571.04,516.66
331.47,51.09,1017.5,392.69
275.45,22.25,2095.49,358.51
390.1,54.15,3390.52,562.84
294.67,75.25,4197.06,558.46
449.37,78.11,1533.55,553.33
460.28,52.43,1442.17,518.98
268.69,47.49,4688.37,520.61
210.73,76.7,4004.59,483.87
336.94,60.42,3359.12,528.13
464.95,23.89,4076.75,611.63
184.26,47.94,2715.42,355.1
349.19,34.41,4033.82,532.66
352.62,48.19,2487.21,478.74
393.25,47.33,1976.38,484.41
152.63,54.93,3916.05,400.3
386.33,41.41,2678.69,505.11
463.61,29.86,4925.51,661.95
171.87,50.22,2397.94,332.73
195.02,69.81,4686.91,495.08
488.56,59.84,4731.85,717.2
172.39,40.3,1967.41,296.74
441.75,76.13,4192.88,677.24
296.91,74.73,2732.3,486.24
198.89,32.56,4670.1,441.46
448.3,22.37,2800.5,532.21
278.12,64.48,3977.21,518.08
305.93,69.66,2867.87,492.62
243.69,78.07,1911.2,407.62
337.18,73.39,1797.4,469.7
165.41,56.03,2701.72,351.46
256.43,51.8,4021.98,483.95
487.76,21.67,3420.29,593.73
203.25,34.8,3754.52,402.53
362.69,47.58,2129.31,467.99
230.08,57.71,2925.74,416.91
409.39,53.44,1177.58,466.54
152.35,64.56,4270.13,432.22
487.93,36.79,4959.57,693.5
281.52,53.9,2627.52,437.43
194.42,25.29,1043.85,245.66
129.4,44.82,1679.17,254.71
167.9,65.01,3610.11,412.34
307.91,61.6,3448.32,511.15
234.8,79.44,4151.46,514.57
431.55,36.67,2015.54,501.03
272.36,49.89,4054.53,495.45
199.49,39.77,3751.94,406.84
346.86,46.44,2291.26,461.7
382.71,71.42,3181.95,572.39
166.82,61.05,1589.1,304.49
167.05,72.95,2810.26,383.57
114.67,32.21,4524.79,366.29
394.56,72.4,2684.77,558.49
365.52,23.59,4358.27,545.71
289.85,73.32,3361.01,509.91
437.67,39.74,1767.51,498.13
422.27,38.88,3324.42,562.35
334.14,50.73,3023.93,494.6
447.31,76.44,2594.57,602.24
182.34,22.87,1478.52,254.1
144.77,41.13,2666.83,310.86
207.9,71.39,1291.05,337.96
122.83,43.76,1395.08,233.67
312.47,31.95,2663.67,431.08
474.64,45.49,2221.53,559.02
115.74,43.13,4702.18,392.4
148.84,74.92,2502.82,356.6
280.88,65.72,4031.43,524.85
473.55,50.31,3120.99,610.35
226.46,79.3,3816.34,490.94
302.89,47.92,2040.46,416.21
116.63,23.49,4767.62,366.93
159.34,35.74,3120.35,337.09
494.65,46.16,4325.3,681.23
486.05,29.41,2460.18,555.97
101.98,76.85,1400.85,266.9
480.72,66.01,3694.85,668.34
355.65,36.1,1031.04,390.22
447.17,55.45,2901.17,585.96
281.9,63.29,1771.21,409.01
306.24,76.48,3509.5,535.18
295.54,72.9,4917.68,591.66
366.75,50.91,2857.61,512.64
155.86,66.48,4269.99,437.91
111.99,53.73,3031.14,321.74
223.17,53.16,2983.36,407.45
381.87,26.88,4721.69,581.91
180.74,27.57,4559.86,413.94
369.37,51.77,4143.2,580.32
487.96,36.13,2185.02,553.82
137.56,21.26,3180.03,300.94
369.04,63.37,1895.59,485.07
277.5,21.95,2775.67,393.71
447.26,55.72,2936.85,588.22
170.86,52.35,4326.56,431.54
377.05,78.13,4584.11,648.04
435.25,49.05,2658.48,554.7
477.85,23.82,1070.82,471.54
373.3,53.1,4447.1,600.65
298.87,70.47,1697.11,429.65
347.14,79.81,3487.53,571.8
447.56,45.82,1099.88,481.77
328.24,39.22,2598.03,451.32
112.15,74.4,4943.84,448.51
472.38,31.47,1402.77,495.25
375.81,56.93,2694.77,520.78
370.61,44.34,2228.6,474.43
186.27,22.46,4620.35,413.73
363.55,40.84,4477.36,575.97
257.55,35.91,1950.8,357.45
360.49,61.17,1324.75,446.38
142.64,76.93,3508.55,404.93
363.14,36.08,2345.47,461.91
499.77,68.69,3688.34,687.26
119.28,23.32,1128.48,186.83
490.87,52.29,1533.6,547.81
262.76,24.23,3745.49,433.83
448.3,76.04,1849.48,565.18
412.95,65.98,4430.35,650.85
326.81,59.48,1234.36,412.38
395.38,69.43,1861.93,513.55
451.41,58.85,4994.24,699.11
261.66,78.14,2732.3,463.15
230.81,62.84,3811.86,469.5
367.04,75.48,1730.65,493.38
423.14,51.03,3439.47,587.03
404.91,27.02,3904.42,559.69
419.13,51.69,2257.91,525.73
274.23,27.61,4315.59,476.58
427.13,55.55,3413.67,595.71
148.08,48.95,2556.49,319.72
317.8,57.35,3230.57,501.8
102.3,20.6,3307.04,278.1
229.83,31.69,1662.14,314.51
246.58,49.48,2610.93,402.03
258.47,77.03,2373.72,441.01
378.19,43.02,2603.61,497.25
255.42,45.46,4044.44,474.75
279.48,62.88,2930.15,464.41
195.02,56.23,4761.26,478.42
249.3,37.94,2174.71,365.08
190.91,44.65,2662.81,352.84
129.28,33.06,4147.83,360.41
341.38,77.96,3184.1,549.25
367.29,27.84,3188.11,494.99
347.8,42.31,1213.36,402.37
285.4,21.55,2594.4,390.36
251.91,33.31,2082.93,355.64
445.33,66.83,4997.34,706.38
307.63,32.07,2233.42,405.88
291.67,24.8,4537.99,497.44
110.26,48.47,3704.93,346.15
236.5,20.6,2363.67,338.28
252.08,25.09,3174.14,398.0
259.53,68.46,4362.14,528.42
332.07,66.29,4533.47,591.76
313.44,74.91,1641.58,445.19
343.16,71.27,2358.29,499.35
405.95,60.99,2340.89,533.29
425.19,23.14,1168.18,433.27
387.25,66.97,3392.95,579.9
482.21,70.73,4419.28,712.83
107.29,67.94,2526.3,314.07
178.31,50.51,3960.14,416.42
103.03,33.97,3510.8,308.92
358.99,70.72,2502.59,518.4
459.21,63.63,1564.24,541.03
197.39,78.85,3837.3,468.05
470.81,29.34,4418.26,641.58
124.11,33.54,3743.42,336.77
473.77,32.71,1071.51,481.66
240.65,67.55,1864.93,387.09
140.57,31.21,1277.92,223.17
294.35,24.0,3281.54,435.56
202.71,79.91,4025.91,483.33
213.95,21.49,1442.32,275.51
222.92,70.11,4353.35,501.17
421.21,41.92,3222.04,560.95
315.66,70.5,3759.88,546.27
224.52,53.28,4885.61,503.81
344.13,74.1,1334.72,453.19
386.46,75.57,4604.9,652.77
209.05,20.55,1504.41,273.28
265.42,24.52,2571.84,377.71
148.75,35.02,4405.75,391.82
172.46,60.16,4625.02,459.46
372.45,73.3,3025.49,559.18
172.58,47.6,3376.42,378.28
310.07,56.42,3832.59,524.31
383.62,31.31,4331.03,570.41
142.75,68.3,1486.04,290.95
326.92,78.04,4240.28,590.61
202.63,36.12,2925.1,362.53
485.17,49.69,2802.49,602.8
293.42,25.17,2695.6,407.27
422.4,53.55,3036.85,570.08
320.09,50.17,4780.2,570.33
117.37,28.67,3192.82,296.53
353.26,46.52,4812.71,593.03
480.56,40.05,1721.16,530.58
340.64,51.31,3896.54,544.31
427.68,55.14,4248.96,637.3
453.68,20.51,3716.52,579.54
191.23,65.66,3427.69,422.86
184.82,62.78,3259.25,404.99
344.39,41.98,4443.72,560.67
264.41,23.18,4286.59,460.62
435.94,65.3,1489.15,521.16
460.01,77.31,4394.35,703.69
241.37,34.41,2656.27,377.52
194.75,39.41,2014.79,315.66
412.21,31.03,4479.07,600.27
209.92,54.62,2728.1,386.27
429.05,29.29,4233.46,598.85
269.5,41.37,2053.61,380.33
367.02,61.82,1015.72,437.13
138.21,53.61,2981.84,340.07
349.54,43.19,1400.91,414.46
280.71,45.21,4017.5,493.26
334.64,53.73,2104.3,453.52
167.21,20.35,2774.58,303.02
394.75,24.71,1348.13,420.27
445.12,72.88,2146.64,572.74
186.7,24.67,4125.96,392.66
138.29,62.41,1606.35,284.56
109.46,75.2,3588.64,379.8
356.79,36.24,4669.7,573.28
342.84,42.23,3719.35,523.58
318.68,54.14,4244.09,548.35
192.78,72.9,1435.89,335.37
256.36,76.51,2002.93,420.01
337.79,64.37,4578.16,595.7
298.71,25.2,3860.42,469.78
495.11,60.15,3558.22,664.23
154.58,44.62,3655.07,373.34
378.06,48.24,2656.8,507.65
261.73,22.95,1178.23,302.72
271.28,31.46,4137.77,471.11
387.04,67.43,3714.85,596.52
376.97,47.24,2891.22,517.0
496.5,38.1,4599.04,684.3
151.36,43.04,2344.64,302.88
141.64,71.26,2177.29,329.08
389.74,64.94,4491.19,633.76
331.35,36.34,4187.95,528.99
209.66,27.05,3059.92,361.3
131.77,35.12,1522.94,234.24
134.26,75.25,1860.29,313.29
457.68,54.9,3624.91,629.73
176.75,52.01,2540.16,346.42
229.35,55.78,4345.89,484.45
190.66,41.96,4799.82,455.46
242.0,68.43,4222.55,507.37
127.77,51.4,2510.18,304.82
307.62,27.0,4154.75,494.34
127.05,27.74,2405.77,263.54
420.14,52.21,1668.4,497.85
193.48,76.19,1133.57,325.76
316.0,38.5,2542.87,437.7
452.03,72.17,4614.24,700.6
360.35,65.85,1955.95,484.85
313.18,34.87,1826.05,394.15
229.73,22.18,4879.28,461.02
233.2,26.11,1100.02,280.73
367.79,63.71,4143.13,596.96
497.66,31.98,2285.48,560.37
364.74,42.28,1149.95,412.7
323.11,50.1,4671.21,567.2
392.26,63.53,1558.57,487.03
286.08,26.79,3207.12,429.41
124.06,44.38,2096.22,270.63
324.92,49.1,1260.77,396.63
483.05,52.45,1199.69,525.1
170.12,69.1,1462.23,312.86
376.0,30.3,1285.47,410.53
180.37,68.47,4042.23,449.12
314.33,61.57,2942.26,490.94
138.67,53.35,2371.57,309.54
280.15,61.97,2673.48,450.75
402.47,44.72,4715.79,624.84
239.03,28.3,4643.01,465.83
365.96,59.95,3862.71,575.83
418.18,51.48,4538.73,638.7
470.87,58.36,2278.59,578.17
193.86,40.28,2524.44,341.73
259.73,74.41,3454.85,492.14
160.97,55.24,3494.5,386.36
496.99,25.12,2926.8,581.62
470.8,46.99,2602.63,577.25
315.98,65.38,4944.72,598.09
436.81,67.65,4284.49,665.15
308.38,49.68,2739.92,458.22
349.43,73.68,3909.17,585.53
135.65,36.06,2078.25,266.52
402.11,44.64,1400.68,458.67
151.09,73.92,2409.72,352.23
430.43,73.78,2611.89,585.6
412.81,61.14,1066.15,475.27
383.5,71.54,4259.17,627.06
114.46,25.33,2436.77,251.4
221.25,71.9,3321.67,450.93
205.25,39.24,1295.85,287.84
244.05,30.7,1699.99,326.29
135.06,34.36,4558.77,387.53
474.78,45.08,3434.75,619.18
321.52,35.07,4801.14,549.88
222.21,39.23,4995.0,486.37
258.79,28.1,2487.44,373.55
278.88,37.77,2195.21,389.52
340.24,54.34,4433.42,575.37
306.27,46.51,4994.45,564.51
467.76,40.8,3518.56,611.34
298.79,64.79,4180.56,545.24
496.86,73.61,4126.98,714.26
440.57,65.41,2421.36,571.63
183.4,39.92,3297.08,371.46
472.24,64.67,4332.23,691.4
146.55,29.12,3752.46,348.54
426.98,27.82,1084.66,437.55
252.25,40.74,2346.82,380.25
451.19,68.46,1577.9,542.54
447.22,34.78,1931.89,506.54
422.37,23.8,4621.96,604.69
416.01,27.9,1147.57,432.04
221.87,71.52,1879.2,378.74
132.37,58.03,2238.28,304.85
261.19,35.19,3467.54,435.12
169.41,53.32,3136.41,372.32
377.98,51.65,1873.08,473.52
238.44,59.33,1656.96,362.59
490.24,33.99,1947.19,540.54
356.39,71.86,3010.12,543.41
428.99,38.56,2084.71,505.27
153.01,61.65,4790.41,454.4
444.81,20.97,2855.46,530.07
469.1,42.36,1235.18,500.58
294.82,41.1,3917.07,493.37
342.5,52.61,2315.38,468.68
405.92,24.36,3613.96,541.98
169.94,67.41,2118.38,342.98
301.03,33.07,3282.97,454.57
259.47,60.62,4088.61,502.94
158.55,68.19,4712.03,464.73
247.01,53.71,2044.51,380.41
127.27,64.45,2339.43,315.47
110.32,59.71,2857.07,320.68
154.07,41.33,4708.7,420.69
485.25,68.53,4605.55,721.27
319.81,37.68,1359.51,380.35
486.33,54.27,1527.72,546.86
273.0,64.72,2982.04,464.59
224.73,42.74,1426.48,315.21
302.46,38.17,2382.32,418.33
275.8,47.56,1593.54,371.66
142.27,69.08,3544.16,394.64
356.33,75.8,4797.98,638.66
186.42,52.71,4986.94,477.54
347.84,59.69,2500.96,492.85
360.08,74.2,3396.05,569.16
160.81,25.91,4425.07,388.77
124.54,33.92,1469.85,224.01
412.3,62.53,3758.26,611.56
283.92,69.42,2635.37,463.04
123.27,71.42,1824.58,296.97
497.95,44.91,2611.01,596.27
123.11,25.36,1303.84,201.72
378.01,46.27,3781.63,560.89
493.47,33.84,2010.97,546.09
195.67,37.47,2245.62,325.03
156.9,66.34,1484.33,299.24
148.55,24.53,4458.64,378.57
221.31,69.65,2973.78,430.22
140.42,45.66,3288.59,345.25
376.86,55.76,3277.73,549.02
124.92,25.38,2641.97,270.1
303.77,40.24,1770.12,391.88
498.68,25.38,3980.53,636.04
425.59,77.69,1508.23,532.42
346.09,68.44,1415.5,450.3
222.5,47.58,3840.58,441.4
349.56,33.42,1835.35,421.54
310.82,76.01,2227.09,474.02
270.43,40.68,2900.91,422.41
152.28,29.66,2797.41,306.19
454.64,53.79,3834.32,636.11
279.91,76.63,3493.73,513.56
177.85,20.23,3577.58,351.5
247.1,34.29,3856.22,441.93
265.65,76.31,2170.45,435.5
431.02,30.27,2289.33,504.68
393.45,26.79,2751.99,492.55
407.72,54.21,2229.85,518.99
104.41,71.71,4939.75,438.08
266.46,48.63,4256.21,498.92
292.54,79.67,1658.62,436.47
107.68,60.75,1022.38,228.39
203.93,24.44,1171.13,258.36
404.12,79.57,1976.25,541.46
154.84,44.47,1457.17,263.44
314.12,37.24,3133.35,463.83
186.08,53.47,4431.98,450.67
104.85,38.26,3947.0,338.62
196.48,25.19,1862.44,288.09
490.35,20.09,2597.2,552.27
420.61,46.98,3031.58,558.53
483.83,70.21,4240.82,704.42
295.14,54.34,4356.49,535.45
143.89,79.95,4638.87,466.99
319.18,37.21,3036.98,463.01
281.75,36.83,3777.1,469.5
437.74,29.58,1447.2,466.93
139.23,29.84,3261.16,319.21
295.3,37.11,1994.77,391.64
160.02,67.57,2726.87,365.71
229.87,74.35,3536.2,472.22
394.94,78.51,2027.94,535.11
290.41,33.94,1208.74,343.67
250.36,72.88,1040.94,361.65
257.79,39.7,1088.64,320.21
283.78,26.77,1033.4,318.85
414.01,72.2,1441.42,511.58
456.83,58.17,1957.95,550.61
482.13,29.88,1884.89,524.78
414.76,45.79,4947.19,647.85
226.16,37.24,2224.02,347.98
375.25,64.21,1509.68,472.0
275.04,47.2,3182.25,449.95
201.87,79.36,4431.83,502.12
436.35,23.28,3712.24,569.62
115.37,41.3,2184.33,263.46
460.7,48.91,3246.46,604.26
284.59,50.19,3859.42,495.93
354.88,38.96,3912.42,537.96
363.74,63.75,3666.15,569.93
458.05,72.48,4483.24,699.33
354.67,76.32,4480.42,622.24
345.57,68.31,3315.75,544.7
126.66,71.03,2719.43,343.85
307.36,53.03,3566.28,503.75
160.07,69.55,4272.85,446.03
394.97,38.21,1022.61,424.42
304.89,43.91,4967.99,558.17
372.09,39.01,1731.58,442.77
116.67,48.04,2881.0,309.45
133.92,37.13,4488.12,387.24
386.53,77.7,1900.16,520.78
128.83,38.77,2907.18,306.58
128.5,25.88,1530.33,218.14
104.84,51.61,2580.31,290.3
482.6,23.43,1708.54,506.65
395.0,26.63,2454.51,478.68
241.3,33.16,2493.86,367.48
218.61,47.86,4972.68,495.32
239.88,46.0,4979.25,509.86
409.86,67.98,1459.15,502.82
364.55,64.37,3903.88,583.39
174.08,45.58,1206.98,267.98
169.64,40.02,1120.77,251.79
139.36,38.99,1421.34,241.04
364.12,66.44,4861.94,634.05
405.75,23.12,4763.45,597.46
206.02,20.77,1775.71,284.75
108.38,67.73,1646.69,270.64
132.87,48.63,1962.14,277.35
487.14,27.85,3062.19,584.6
218.18,34.13,3278.82,389.68
407.69,75.95,1886.37,534.4
349.87,71.57,4026.49,588.57
252.78,62.59,2238.21,408.01
182.27,48.93,4688.53,453.65
148.55,51.22,3626.89,377.02
346.01,78.51,2745.4,531.85
409.85,77.95,4159.65,652.78
357.56,32.92,4271.66,549.01
312.12,68.67,2161.93,460.79
116.78,31.83,2358.86,259.12
487.4,32.81,4743.82,676.33
419.49,60.57,1658.96,509.39
217.13,44.3,1168.6,298.58
491.99,75.89,2816.22,648.24
340.75,25.34,4204.84,520.85
332.97,50.69,4086.67,546.75
399.23,75.11,4678.12,665.96
424.71,74.25,3132.8,607.78
362.59,29.39,1400.26,404.17
151.24,42.0,3354.76,351.73
235.31,57.15,4113.58,479.65
471.23,29.56,1373.31,490.0
189.85,78.08,1690.63,353.53
248.87,74.88,1049.16,363.88
272.83,30.02,3374.61,432.02
275.76,27.27,4546.94,488.86
345.18,25.12,3682.65,497.96
477.23,74.57,4928.16,740.04
196.28,31.62,1252.13,267.05
148.6,44.98,4612.0,416.95
178.99,46.93,4256.27,426.4
454.77,55.94,2256.97,560.58
358.32,24.3,4894.11,567.82
214.36,33.61,2151.75,329.49
426.38,75.89,4557.22,682.8
444.55,74.5,4522.99,693.55
438.61,66.88,4030.63,652.73
467.57,21.16,3253.88,568.5
200.9,39.62,1480.01,294.15
402.02,57.68,3127.89,564.52
284.22,36.51,2427.19,403.5
436.8,74.58,4168.87,669.75
391.4,58.03,4032.52,601.79
410.58,24.31,4642.45,597.06
362.46,74.54,1059.32,454.75
170.97,77.47,4236.41,464.8
318.01,24.66,4753.85,529.1
493.87,51.94,4157.2,680.87
474.96,38.2,1520.78,513.31
117.27,43.57,1325.12,225.43
165.93,30.78,1083.38,233.08
152.69,54.68,3514.98,379.93
390.39,77.48,3518.69,604.47
427.11,50.18,4947.65,664.35
185.4,24.97,2592.17,315.39
302.34,57.2,2327.63,444.05
436.28,40.41,3497.7,584.53
393.12,71.36,4302.43,636.65
316.89,46.08,4747.1,559.99
336.14,31.57,4212.5,526.89
303.34,31.47,2706.7,425.21
219.02,66.13,3539.66,451.39
326.01,35.94,4425.2,535.97
375.55,66.03,2962.44,547.62
449.33,32.35,1866.75,501.33
354.52,39.3,1678.89,426.51
404.45,47.93,1000.63,445.48
164.03,76.59,3872.95,439.76
284.62,75.9,1444.39,413.77
103.73,32.41,1975.36,230.37
198.67,41.49,2191.51,330.75
390.58,28.96,3241.52,517.99
496.72,50.6,2591.83,602.87
139.67,47.63,3698.7,368.12
260.6,74.05,1222.55,380.67
420.03,75.8,1495.76,524.51
181.61,43.01,2996.85,359.65
322.03,49.5,2347.86,449.28
393.23,73.77,2183.25,534.41
346.39,68.4,1268.11,443.12
175.21,20.22,4582.88,399.64
242.15,39.2,3767.27,440.89
413.52,45.31,1486.47,473.1
321.69,33.78,1260.18,371.04
102.09,31.97,4899.49,374.61
404.4,22.27,3724.69,543.15
114.12,58.6,2669.82,312.69
398.29,35.75,3806.92,562.61
180.99,23.14,4025.33,380.77
483.23,33.86,4119.85,643.36
247.18,68.11,2911.51,445.49
230.77,71.09,2719.53,427.23
159.56,48.98,1044.11,253.33
222.24,44.96,4706.23,480.55
450.66,78.67,3413.23,649.2
498.53,32.03,1812.62,537.51
247.32,32.92,4678.41,481.16
279.44,37.51,4659.73,512.81
388.83,30.37,4956.74,604.45
454.48,42.76,4496.23,652.54
337.22,74.65,4991.14,631.31
256.61,56.92,1978.74,389.61
265.05,44.72,4369.0,497.56
378.25,76.06,4292.11,631.3
101.29,22.91,1923.76,211.58
347.84,32.62,1393.75,396.88
242.2,53.95,4917.68,520.57
417.68,56.93,2184.1,528.75
137.2,22.37,4483.57,367.5
335.28,44.18,1016.51,385.32
292.39,58.95,1084.1,376.54
356.93,61.88,2863.49,521.54
125.94,58.29,1954.86,285.93
331.99,39.23,3759.37,512.41
324.59,25.61,3262.26,461.2
324.26,45.63,1309.94,393.35
341.4,27.73,1650.51,397.23
370.59,76.86,2552.2,539.37
422.0,48.51,1742.42,497.48
207.93,39.04,4168.89,433.34
430.02,65.98,2664.28,576.2
299.3,49.88,1373.73,382.94
130.82,38.6,2937.37,309.43
123.42,68.72,1363.35,269.98
233.7,72.03,1515.75,370.79
413.96,60.38,1958.44,519.66
383.07,22.82,4438.11,562.59
415.45,53.98,4698.45,648.25
306.91,65.8,4305.03,559.47
276.08,28.19,2336.31,379.96
158.98,33.72,2089.79,282.25
231.28,72.95,3196.62,454.28
273.61,21.21,3887.41,445.07
135.44,65.16,4973.49,454.77
188.24,48.43,1526.28,299.55
339.29,46.81,1197.17,401.5
394.27,20.43,3777.42,534.92
499.34,69.16,4328.9,719.66
473.25,41.59,4385.4,660.25
357.03,52.45,3713.85,549.98
268.5,60.64,4816.06,546.56
354.47,62.16,3044.02,529.01
414.26,77.36,4655.26,680.21
147.33,51.88,4871.25,439.25
263.96,43.98,4388.63,496.58
435.92,77.22,2239.03,576.52
253.53,58.53,1784.86,379.86
328.75,37.89,3192.48,479.46
335.11,27.59,2812.06,450.07
173.79,70.55,4511.03,470.41
244.89,41.73,1400.13,328.52
233.8,59.63,2030.96,378.03
110.48,48.25,4007.2,361.12
109.68,31.94,1379.95,204.64
432.68,56.1,2283.06,544.45
209.23,23.64,2548.62,330.28
307.23,44.8,3490.38,487.5
219.49,52.8,1632.53,336.41
476.27,46.16,4442.42,672.38
203.72,64.92,2790.17,399.86
271.86,69.68,4668.09,555.41
449.09,66.27,2871.48,602.26
436.77,22.33,2100.16,487.92
174.44,31.65,1567.32,265.39
421.06,52.2,1014.98,465.89
283.27,76.09,3128.63,497.19
293.19,70.1,1428.63,411.13
153.39,70.55,2566.91,356.89
132.24,38.19,3357.09,330.94
391.18,45.77,2102.74,486.73
298.58,48.24,1700.9,396.28
274.74,29.44,4098.89,468.9
391.8,21.86,4787.16,585.6
406.21,76.81,1401.76,510.27
163.56,34.44,1622.36,263.63
344.09,34.4,4840.05,568.87
154.14,25.0,1151.14,218.37
400.55,75.71,4910.53,679.53
362.78,54.78,1018.58,423.33
482.65,60.02,4494.67,700.88
127.58,74.69,2229.3,325.57
122.82,40.74,4754.36,397.08
212.87,57.29,2267.78,369.62
204.68,22.33,3617.23,378.1
198.79,31.21,1320.13,271.85
462.5,69.87,1969.32,573.28
199.82,66.01,4094.72,463.6
208.78,41.04,3114.74,384.32
403.76,42.61,4711.88,622.51
279.9,52.01,2715.01,437.69
410.68,20.01,4479.25,582.53
126.15,34.47,2795.82,292.42
295.03,32.49,4916.99,530.61
113.45,35.03,4839.34,385.27
125.06,68.35,2316.55,318.41
462.57,36.78,4543.69,652.42
155.7,31.49,4390.45,391.32
312.97,50.26,1842.72,417.89
264.44,71.94,3497.16,494.32
238.94,34.48,1290.73,307.41
459.93,24.71,4346.84,622.36
108.73,41.38,1698.18,233.97
365.52,64.86,1283.26,453.86
485.36,53.04,2600.88,597.89
324.07,69.01,3307.69,528.15
474.73,77.58,4419.67,717.13
120.9,67.56,4896.97,442.91
267.52,56.23,2757.97,436.25
204.06,49.6,1241.79,299.74
392.33,22.4,3996.46,547.29
492.52,79.06,3260.69,675.64
202.61,43.01,2791.57,366.18
361.67,29.13,2237.08,444.89
179.24,60.0,3009.59,383.87
326.13,37.06,2354.72,434.23
285.57,55.15,4028.05,512.58
488.8,55.21,3175.57,632.63
343.41,46.74,4507.39,570.21
239.8,70.17,3174.18,455.8
145.64,35.9,1953.05,268.01
160.5,46.92,4404.37,418.99
190.13,52.26,3228.88,391.94
200.39,59.82,1827.36,341.4
440.25,67.04,3494.03,627.46
324.49,43.69,2430.87,446.67
309.36,58.76,4377.62,554.51
145.91,29.04,2813.2,300.94
444.06,75.96,3905.77,664.47
389.13,42.98,1382.14,444.88
127.07,63.77,2584.1,326.52
383.13,21.22,4932.97,584.99
317.42,32.31,4233.84,514.09
132.69,49.22,1639.76,261.98
283.32,72.7,2111.06,441.25
293.88,51.64,2319.26,428.52
166.31,75.79,3601.46,426.81
478.28,49.03,4027.98,657.56
439.99,49.43,3998.11,626.04
367.61,27.18,3039.5,486.84
284.92,68.16,4243.28,542.34
264.71,34.82,2748.31,401.41
360.39,73.98,1495.52,474.05
318.17,74.65,3257.77,529.4
124.91,76.6,4809.21,455.29
305.0,51.21,4171.97,529.42
422.56,60.63,3314.8,594.73
283.7,66.71,3587.22,506.38
120.78,27.86,4722.25,374.53
414.51,56.06,2713.37,551.36
180.55,22.06,2325.58,293.8
203.45,49.85,4908.97,482.99
165.88,29.29,4453.77,399.33
232.09,30.98,2292.17,346.74
402.7,41.9,2855.12,527.77
307.75,45.95,2660.31,448.14
181.95,57.39,1596.38,311.47
451.13,24.47,4831.28,639.17
451.83,50.22,2617.25,567.66
448.23,30.96,4501.32,630.09
195.52,54.44,1757.42,325.94
280.5,58.24,3191.48,471.34
494.0,53.4,1095.85,530.09
408.8,64.3,4056.88,626.33
110.87,40.14,3323.66,315.08
126.08,65.91,3502.36,374.84
285.57,45.97,1206.88,357.75
463.69,49.05,1844.15,536.73
315.48,58.89,1297.32,405.58
299.13,21.1,2155.66,378.74
142.19,59.24,3509.76,378.1
362.71,57.12,3264.74,539.08
428.84,38.59,3448.6,573.39
252.17,25.15,3197.01,399.31
410.24,25.46,2092.12,470.99
485.79,75.39,1978.03,600.62
181.51,61.36,1548.24,314.65
309.33,27.63,4396.28,508.72
214.86,41.4,3465.92,407.29
417.14,55.55,1746.04,504.34
331.04,70.13,1708.84,455.47
353.83,22.62,4492.14,541.6
419.17,34.2,3970.92,585.18
258.39,73.38,3637.6,498.67
466.04,20.55,2627.46,535.03
313.21,32.08,2047.9,401.09
163.18,77.54,4917.8,492.75
378.36,56.8,4188.96,597.34
417.3,35.7,2207.12,497.75
226.7,24.02,4390.26,436.91
442.87,21.69,4035.73,588.62
462.46,34.68,2188.32,531.41
210.76,72.89,2706.21,413.25
493.41,44.95,1743.81,549.35
156.28,63.22,1444.21,292.07
180.81,75.1,3891.05,451.84
173.69,44.48,2070.05,309.18
457.6,31.48,4280.24,627.3
361.72,51.03,4982.43,615.04
160.84,74.49,1306.48,305.72
276.13,68.26,2892.14,467.9
346.12,23.95,4208.25,523.23
133.39,61.55,4155.8,406.83
452.97,54.31,4039.99,645.84
421.44,74.45,2395.98,568.62
302.08,27.35,2815.41,423.46
486.85,52.04,3379.87,636.54
267.1,72.77,4895.76,567.62
493.64,44.6,2310.19,577.33
367.17,48.92,4692.58,601.74
353.87,24.23,2077.43,423.31
166.38,36.69,4956.3,435.95
452.77,39.47,3681.05,605.48
271.0,76.71,2854.05,474.56
164.89,36.96,3453.56,360.03
105.04,47.65,2090.12,260.02
323.9,60.28,2096.7,454.37
310.96,29.73,1454.22,366.08
387.74,49.19,1456.2,456.78
456.1,64.31,2390.69,580.89
131.76,72.01,4051.42,416.0
392.6,57.58,3431.88,572.04
174.96,60.14,1410.34,300.7
443.27,27.58,4408.95,616.43
427.63,76.75,3405.47,627.49
316.32,27.95,4843.42,537.16
384.1,66.48,3680.74,591.04
225.74,35.89,1700.7,319.46
288.47,76.02,2895.13,489.55
428.65,63.2,3593.99,617.42
283.71,65.23,1113.06,380.46
243.12,33.14,1059.64,297.19
297.68,46.58,1517.61,383.9
431.3,57.07,2006.66,530.98
234.08,66.2,2718.2,422.47
169.5,26.24,2949.76,322.45
384.81,77.74,1552.11,502.06
430.39,73.41,3693.57,639.11
140.25,36.22,3384.55,335.76
195.95,69.37,2177.86,369.7
156.79,51.1,1054.64,254.81
239.18,47.71,1310.59,328.43
280.14,38.87,2566.78,410.75
399.53,54.86,1615.9,482.71
360.46,63.79,2507.28,509.42
348.37,44.66,3512.73,521.32
240.95,57.75,3188.95,438.84
436.58,61.96,1924.7,538.44
288.51,62.67,2375.29,443.58
491.64,23.12,3456.12,600.8
353.66,71.58,4443.42,612.47
150.51,47.5,4012.85,392.29
370.47,35.74,3213.6,510.67
230.04,34.51,2449.17,358.25
374.53,48.98,2460.21,496.11
127.86,73.21,4517.67,437.98
169.95,42.7,1156.97,257.86
442.29,64.98,4951.93,698.91
190.87,25.81,3657.5,374.29
434.82,48.56,3724.55,606.93
211.71,79.5,1151.99,346.22
357.15,66.23,3422.12,556.17
377.66,32.63,2939.11,498.03
305.06,50.09,1423.12,390.34
222.12,34.02,2111.69,334.31
185.06,44.57,4561.26,442.97
113.28,66.81,3199.95,350.83
221.58,66.27,2653.67,409.36
361.27,33.69,1290.73,404.08
475.32,75.33,3856.49,686.08
448.48,55.55,3811.4,632.69
406.43,42.8,3456.17,562.14
415.38,50.12,3041.05,559.53
365.99,56.3,2735.14,514.01
204.11,53.59,3373.08,412.34
462.88,49.18,1933.58,540.76
368.29,50.3,4765.04,608.33
324.18,30.58,3355.18,472.98
144.4,68.76,2244.77,330.9
278.82,52.51,2798.72,441.75
284.14,27.86,4222.74,480.25
445.83,65.97,1646.46,537.94
318.66,75.95,2171.34,477.41
252.16,76.84,3718.03,502.89
490.72,42.14,2261.96,568.89
144.29,28.13,4170.01,366.13
269.02,51.1,1521.81,367.96
116.81,26.76,4050.74,336.12
395.96,76.04,1273.41,494.5
467.23,31.01,1050.37,472.83
212.01,35.17,4592.89,452.01
443.34,44.4,3325.36,587.53
216.89,42.99,2407.31,358.36
464.31,67.68,1930.38,569.49
401.58,47.38,3467.54,565.71
421.96,30.25,3036.01,534.74
107.2,36.03,4966.39,388.13
485.12,50.55,4932.86,710.56
390.67,28.85,3540.1,532.81
221.9,56.7,2771.48,401.14
431.76,53.94,2964.56,574.55
212.61,62.88,3729.92,450.91
449.1,76.26,1406.3,543.99
145.03,74.74,2313.41,343.8
381.47,76.76,1301.09,485.38
316.28,34.68,1293.44,369.72
138.61,27.89,1783.36,241.9
196.76,38.14,2941.01,361.66
104.96,73.71,4139.1,401.48
287.51,78.32,2941.98,494.59
220.51,71.56,2341.91,400.84
339.34,26.6,1329.41,377.85
218.9,76.85,3201.18,450.44
219.97,45.4,2085.07,348.33
397.28,20.56,3459.74,521.65
119.26,46.54,4908.75,410.66
461.16,22.76,1445.26,475.34
440.91,52.63,1848.5,524.1
367.12,40.31,2892.38,498.79
337.29,48.41,4874.46,586.16
456.92,56.79,4087.24,655.08
174.13,72.13,4592.92,477.14
131.59,59.71,2334.86,311.58
195.8,46.04,4968.15,474.12
417.83,69.17,1411.33,508.58
113.87,74.33,1211.89,263.19
333.12,27.19,4422.41,528.4
498.18,51.92,4709.06,711.87
442.28,37.07,1362.34,477.55
308.58,22.82,1453.71,353.78
125.46,60.11,1132.7,247.17
432.55,71.77,1418.03,524.59
339.59,29.77,1837.68,408.22
145.97,68.74,4880.31,463.91
137.54,71.2,3671.44,400.41
463.85,74.86,4114.21,689.08
367.68,35.92,4104.56,553.25
431.71,74.24,3140.29,613.74
451.59,39.24,4189.96,629.63
328.71,53.14,3383.23,511.84
306.98,23.03,2258.18,393.04
272.17,22.63,3244.44,413.91
226.78,63.22,3134.03,432.96
273.84,46.67,4293.81,503.76
409.55,35.38,4926.91,627.05
340.77,31.42,2644.17,451.96
457.01,60.2,4053.56,658.58
277.35,20.02,1399.05,321.87
342.84,68.35,4107.33,582.17
352.52,24.75,2485.67,443.43
336.68,31.49,1157.56,374.46
381.05,43.17,2452.98,492.25
194.97,49.09,3442.57,401.74
304.95,41.3,1477.0,379.76
141.69,39.24,4696.14,407.02
253.8,77.83,1310.69,385.33
295.07,58.49,4720.03,559.8
360.89,21.41,3828.55,512.25
480.21,45.81,2318.85,568.83
340.26,72.5,2563.0,509.11
397.44,38.09,3963.24,573.24
302.51,25.67,3405.88,450.81
353.64,65.5,3686.57,565.5
128.37,56.36,2556.66,315.07
201.76,54.22,2951.25,390.3
244.74,23.21,4959.47,478.59
289.0,28.43,1855.69,366.63
118.26,57.35,2671.42,314.21
156.01,32.47,2167.29,281.88
210.73,50.24,4060.45,446.97
488.61,52.69,4056.05,672.73
232.54,37.01,2169.78,350.04
292.82,76.91,1325.56,415.89
178.44,70.55,1045.73,300.86
344.31,63.34,2709.8,505.95
212.27,24.68,2641.35,338.91
182.8,26.37,4953.56,433.47
306.63,49.57,2879.21,463.61
102.2,29.64,2025.67,227.51
103.07,78.7,4564.92,428.74
187.63,29.51,2964.27,342.58
114.69,49.25,3396.7,335.46
143.21,41.85,1382.67,246.47
235.54,58.36,2531.67,402.56
421.03,27.74,4776.89,617.29
328.82,45.82,3358.02,499.69
305.07,36.48,2378.01,417.68
217.4,73.27,3502.67,458.95
472.7,22.44,4641.64,643.9
258.81,74.82,2095.96,424.08
134.84,69.98,3020.47,363.86
346.83,37.85,4834.76,575.98
145.54,67.36,1689.58,301.94
238.09,21.87,3878.66,417.21
302.96,78.01,3457.92,532.29
449.69,51.6,3718.7,623.08
297.42,38.2,2404.88,415.47
380.9,41.75,2255.52,480.13
497.13,23.98,3736.84,620.52
152.6,79.36,1862.17,334.23
209.89,22.36,2678.62,335.38
257.83,59.29,1752.7,382.84
268.73,46.56,1033.22,336.49
264.41,76.93,4880.23,570.94
463.04,34.76,2726.81,558.92
385.61,51.93,4877.4,630.25
343.16,48.94,1561.29,426.01
223.75,62.17,3349.47,439.73
429.52,24.08,1803.9,469.93
482.02,31.63,4160.3,641.08
428.48,32.87,4134.81,598.83
100.63,64.29,1450.43,249.46
354.56,31.35,4648.26,563.08
120.45,54.41,1778.52,266.9
203.04,32.91,3451.91,384.4
123.81,71.7,4942.53,453.72
341.52,76.53,4529.59,614.49
374.64,51.11,4826.26,617.69
145.8,41.14,2370.4,296.86
253.54,34.04,1422.3,325.01
282.49,22.99,1753.39,348.15
247.62,36.11,3001.98,402.36
148.41,59.25,4172.92,416.26
267.58,52.02,1600.61,372.12
400.47,76.64,3638.93,617.29
128.4,43.78,2294.31,283.1
132.07,61.63,2364.81,316.35
241.91,49.36,3647.67,449.95
476.69,50.75,2868.0,600.88
367.43,36.07,4248.13,560.45
371.47,47.3,1623.67,449.3
244.77,48.25,4159.79,476.17
337.46,62.4,1256.94,426.42
104.05,76.44,1776.22,286.71
354.44,39.76,3624.6,524.42
465.31,22.53,4419.7,627.03
345.03,49.78,2010.72,451.23
449.48,52.67,2308.77,554.02
389.59,30.11,3148.48,514.26
148.22,65.63,1846.29,309.34
460.98,79.1,4244.63,699.66
126.58,76.75,4094.55,421.11
313.59,31.83,1581.17,377.67
156.85,72.52,2855.32,377.03
104.68,62.27,4099.31,382.12
268.81,47.23,2349.32,403.36
218.02,52.44,3532.43,429.69
294.4,70.98,1200.85,402.03
330.88,48.81,3434.76,509.65
117.5,42.39,1610.61,238.12
149.2,49.59,4322.33,409.87
323.46,54.75,2421.8,461.98
237.27,31.34,2126.22,343.14
391.67,74.05,4363.56,642.6
360.92,60.45,1200.58,439.44
438.24,58.0,2586.44,566.91
377.0,25.97,2480.01,464.55
271.97,56.25,2139.2,408.91
369.19,27.26,4647.02,568.59
210.15,24.72,4003.71,405.39
222.53,51.64,1255.69,318.26
415.59,44.17,3858.75,591.66
278.57,55.33,3109.2,461.31
419.35,25.35,4603.47,603.69
428.97,45.86,2251.78,524.55
443.02,30.49,3296.65,564.98
466.65,79.23,3003.02,642.31
272.39,53.67,2958.24,446.33
227.55,61.25,2824.42,415.13
332.88,39.53,1822.52,416.72
248.47,25.68,4022.84,438.44
340.43,78.55,2805.34,530.44
382.23,37.18,4834.07,603.25
375.36,45.43,2043.23,470.59
249.82,58.99,3730.98,474.89
166.74,21.48,4762.87,403.76
272.21,68.62,3653.83,503.38
157.04,52.19,4485.09,428.18
456.04,36.69,4309.92,635.37
238.35,23.7,2440.47,348.25
161.78,29.75,3400.5,344.08
110.18,73.7,1625.05,279.95
358.33,61.16,3142.1,535.51
354.76,34.99,1921.69,432.38
236.24,23.94,3974.95,423.64
128.68,61.44,3112.23,350.71
263.85,54.34,2644.91,424.84
224.49,44.27,2075.19,349.76
370.85,41.82,4994.79,609.14
342.31,33.01,1286.84,387.7
245.84,60.18,1174.24,345.65
187.16,78.24,1869.03,360.54
495.21,30.54,4884.29,686.2
281.6,55.83,4916.95,554.87
375.31,45.45,3619.71,549.41
156.22,46.8,4520.43,421.2
294.24,35.25,1855.85,381.05
111.01,69.51,4888.17,437.48
302.18,49.12,1571.14,393.98
485.61,52.6,1404.5,537.62
253.68,38.29,1448.85,332.82
115.6,30.91,3292.51,303.47
112.38,25.15,4123.9,333.83
255.19,62.85,2466.67,421.76
164.01,31.77,4911.58,424.45
109.34,61.4,2737.68,316.46
402.49,43.42,1601.79,467.21
283.41,44.95,2863.87,437.34
215.7,48.15,3716.15,430.59
460.03,42.06,4328.9,647.57
146.46,26.04,2835.07,297.97
482.37,38.58,3374.43,612.48
225.59,59.82,2069.38,373.67
455.36,59.95,3583.67,633.39
341.18,37.17,4943.89,575.9
430.68,47.61,1196.21,475.77
493.61,31.61,4546.12,669.6
215.36,32.62,3249.13,383.68
484.45,21.38,2008.39,520.06
255.79,73.8,4819.56,556.32
254.2,32.64,2933.42,399.0
236.15,33.65,2326.76,355.74
316.56,36.78,1725.99,394.71
161.66,27.64,1977.81,269.68
321.48,58.36,4331.4,561.29
316.68,24.51,3457.64,462.99
404.76,28.05,4652.98,598.54
433.46,58.69,1927.87,531.19
276.18,40.38,1484.55,355.74
220.93,62.48,1024.35,321.68
203.73,53.45,3031.45,394.73
177.85,35.36,4993.23,444.98
123.06,59.05,3779.86,376.01
236.98,26.98,2233.58,341.73
208.1,52.18,4507.43,470.13
486.57,46.23,4126.89,664.94
323.08,36.07,1061.66,365.66
238.91,56.24,4267.44,488.86
332.19,72.28,2202.11,484.28
155.68,79.93,1598.69,324.38
277.62,56.47,1905.32,402.06
350.49,44.28,2874.32,490.53
295.56,33.51,2699.47,421.69
260.71,35.43,2155.55,369.49
497.54,48.77,1688.87,555.63
452.13,42.04,4048.92,627.2
349.36,74.83,4960.44,639.76
327.75,42.1,4111.17,530.91
348.26,42.41,2183.75,451.41
180.52,43.01,1979.24,307.9
258.06,70.2,1870.66,405.27
115.78,59.05,1546.78,258.54
290.22,56.85,3205.32,477.72
317.21,40.05,3421.6,484.92
191.1,69.07,3822.01,447.59
485.61,22.3,3720.85,607.98
463.78,72.25,2169.33,587.86
388.86,50.76,2321.24,503.3
313.35,43.9,3726.06,502.83
447.99,49.83,2397.79,553.02
152.26,60.04,1850.49,304.4
416.2,20.77,2497.34,488.98
149.93,72.29,2088.34,332.8
417.68,46.8,1353.25,472.02
210.31,40.58,4320.56,445.14
450.84,28.29,4412.45,623.73
477.62,46.37,1879.0,545.6
159.52,49.78,1259.09,265.24
285.07,44.22,3955.31,492.15
492.39,60.72,1846.11,577.3
293.36,45.25,2573.74,431.26
445.42,77.69,1256.54,535.69
335.49,55.96,1905.08,447.58
250.13,68.45,4171.61,511.36
214.31,26.56,4217.59,422.17
181.29,43.84,1828.34,302.2
404.72,40.21,2343.66,501.27
254.62,54.17,1536.95,361.79
304.51,71.67,1296.69,415.94
296.93,24.7,4968.69,523.03
330.91,24.35,3622.38,482.38
446.23,71.02,3168.39,621.93
492.3,32.77,4061.99,646.09
263.03,60.13,4360.31,518.63
431.01,52.57,4226.86,635.01
405.81,69.97,1066.16,482.92
329.41,27.51,1747.23,392.15
482.42,27.79,3619.62,608.6
180.19,53.41,2503.04,349.42
143.71,76.78,4929.93,476.64
441.58,44.9,3661.62,603.7
275.66,39.62,4826.2,521.26
438.79,56.4,1805.79,525.92
457.24,75.83,4455.83,702.32
124.98,70.22,2285.41,319.58
453.39,79.73,4958.26,730.22
279.33,21.35,1630.75,337.03
304.17,26.77,3065.36,436.76
350.64,56.57,4171.38,573.93
470.55,69.23,2730.57,616.82
107.65,37.11,2872.34,285.41
290.74,34.35,4945.42,531.39
375.09,67.22,2701.23,535.96
389.08,23.38,3416.29,517.16
377.01,42.16,1218.16,425.76
153.77,50.35,4368.84,416.98
219.76,53.62,3592.67,435.87
243.49,63.72,2616.08,421.17
421.77,41.29,1064.68,452.59
211.5,56.76,3366.68,422.68
184.28,55.12,1050.63,282.64
482.98,52.86,1004.81,515.91
103.55,58.43,3464.39,343.7
499.13,35.57,1756.07,540.46
370.73,25.08,1767.55,422.58
431.39,27.16,3613.09,566.5
217.85,33.47,1214.79,285.23
105.73,50.01,2253.62,272.28
395.15,70.43,1597.73,501.64
433.66,62.08,3320.71,606.08
396.19,67.34,3647.06,600.32
157.14,41.06,3884.54,381.53
401.37,44.28,2020.92,488.56
407.57,43.62,1357.0,459.34
363.42,31.51,1314.73,403.74
406.45,23.67,2704.61,495.9
438.37,55.45,4783.38,673.05
345.44,79.35,1870.92,488.93
135.44,30.01,2026.97,254.72
295.05,22.8,1403.56,340.42
131.06,66.77,3422.28,376.12
263.02,35.16,3719.49,449.12
262.84,69.78,3571.72,493.53
126.4,62.24,4444.52,416.7
239.53,76.74,2945.7,454.02
144.4,44.54,1537.83,259.21
423.29,59.72,2157.62,536.09
479.08,47.89,3649.72,637.58
128.93,57.84,3452.49,362.52
482.05,46.98,3124.01,612.3
309.03,31.32,3731.86,480.79
219.83,50.47,3549.56,429.05
130.74,51.72,4525.3,408.43
300.25,68.64,3344.07,510.36
417.81,64.13,4114.41,636.16
382.83,59.83,1994.83,495.75
120.09,26.8,3712.73,321.91
129.16,63.24,4608.78,428.62
261.15,50.02,2542.93,411.09
218.12,73.65,4116.42,490.78
192.95,75.19,3899.16,462.11
212.4,23.31,1238.1,266.79
421.39,69.24,3326.03,607.27
471.69,22.26,1520.76,486.78
262.04,42.03,4869.28,516.14
462.44,52.54,4245.63,661.04
228.6,28.89,1438.9,298.15
290.57,64.78,1487.01,403.98
190.41,20.5,3377.9,351.98
356.19,30.12,2379.56,449.1
491.59,54.85,1139.62,532.53
341.4,62.86,3166.57,525.74
243.13,75.0,2551.38,434.57
359.13,62.33,1404.31,451.01
149.17,60.31,4207.68,420.18
455.46,43.66,4660.31,662.88
301.23,20.08,4026.38,472.42
279.74,27.21,4289.69,479.09
334.35,52.07,1865.96,438.88
349.91,60.51,2054.29,473.41
128.71,45.05,1834.11,262.24
373.05,63.84,4060.25,597.21
196.77,51.31,4791.67,473.97
385.58,24.45,3867.35,538.51
429.01,31.52,4525.87,616.79
421.58,70.4,3554.8,620.61
321.0,63.49,2550.64,479.57
308.07,73.69,2703.05,492.14
157.15,27.05,1301.29,231.36
410.14,79.41,1125.83,503.52
208.56,32.56,3781.9,404.79
298.68,20.71,2753.72,407.69
213.71,79.85,3208.86,451.18
153.53,36.86,3230.64,339.65
351.82,60.08,2109.5,477.06
121.73,30.6,2903.57,288.47
399.46,54.81,2883.04,545.94
227.03,74.24,2553.71,420.68
100.05,39.21,4282.7,352.99
304.45,60.22,2804.66,474.12
118.74,31.27,3414.58,312.63
210.47,57.49,4582.08,483.71
382.79,40.19,4464.93,589.76
125.08,32.67,4561.69,377.15
435.74,38.79,2080.02,510.78
101.53,30.73,1139.93,184.31
198.73,74.11,2044.27,372.37
396.36,43.83,2114.83,488.58
226.51,34.72,4637.44,465.15
140.76,46.9,3596.97,362.81
244.09,39.23,1326.82,320.46
208.16,64.67,1541.51,340.6
437.08,78.27,1622.7,548.21
225.34,46.28,3521.69,425.78
415.57,71.66,3941.66,637.03
456.75,53.95,4438.58,668.26
273.53,29.43,4762.55,501.1
463.98,61.44,1806.82,553.68
250.93,50.81,2239.09,388.91
485.63,59.04,1961.29,575.12
135.72,73.38,2435.05,340.4
374.81,46.43,4658.66,602.42
297.53,74.07,3300.45,514.15
255.06,65.04,3952.77,499.25
353.08,49.32,2960.48,504.47
381.54,56.19,1115.43,445.3
101.75,39.53,1256.78,203.54
166.78,79.02,3151.69,409.53
385.22,60.04,3875.16,591.99
366.55,22.63,1861.32,420.26
486.42,39.6,3887.64,642.91
404.42,57.4,4242.66,621.76
480.31,23.38,2647.59,551.7
381.02,21.43,3985.68,536.25
219.22,47.0,2616.12,376.68
142.15,39.96,3713.4,359.33
412.73,46.3,4055.99,602.43
357.66,35.76,4967.71,588.16
119.27,29.88,2381.59,259.32
244.02,61.35,2644.16,419.45
482.72,50.87,1662.48,545.61
300.16,32.01,1816.29,378.96
273.09,39.18,3773.58,465.92
283.08,55.51,4668.18,543.14
183.55,24.33,2578.42,312.26
247.48,28.85,1719.38,327.23
247.93,24.39,2140.4,341.95
120.94,68.74,2820.21,340.87
407.03,65.14,2162.6,531.47
266.6,65.2,1934.32,407.8
428.87,62.98,3943.94,634.76
440.14,60.16,1031.38,493.93
184.8,48.62,3156.92,378.61
362.94,58.54,4175.07,586.91
288.91,22.3,2064.91,367.83
452.06,57.29,3413.17,618.24
186.3,66.67,3675.6,432.83
371.13,50.02,3620.1,552.94
343.1,41.45,2783.4,475.83
218.12,36.65,2386.31,348.78
154.64,58.57,4343.7,428.75
360.66,61.57,4033.78,582.57
395.44,72.26,2285.02,538.99
226.25,40.54,1412.08,312.41
357.93,66.19,1287.23,449.99
258.05,53.68,1377.1,355.82
385.28,72.97,3331.48,584.26
179.69,51.67,1206.65,281.58
456.09,51.06,2347.71,558.84
214.96,54.67,4012.8,454.62
247.11,64.96,2177.39,404.0
123.24,77.88,4053.23,418.07
144.6,24.41,3981.87,351.4
306.34,23.21,1983.31,379.05
207.04,76.25,3915.29,475.77
434.19,51.79,3991.11,624.6
105.88,56.89,2589.82,299.53
251.64,48.95,1841.68,366.81
234.94,25.62,3085.08,380.63
107.73,66.09,4685.59,419.59
149.75,64.83,3558.47,394.97
265.46,38.7,1691.69,355.0
297.15,38.37,3731.03,481.83
261.72,70.27,2708.81,450.22
312.38,24.34,3366.12,454.72
338.05,72.87,3936.26,576.55
103.97,35.4,3059.79,289.26
285.64,55.58,4255.94,524.68
485.4,76.16,3888.62,696.99
307.61,60.69,3460.29,510.14
371.02,44.87,1603.17,444.27
224.75,61.37,4343.8,489.04
409.6,40.64,4743.62,625.82
409.17,36.64,1547.86,459.68
308.52,79.8,2952.96,514.16
490.41,65.05,2035.55,591.67
150.22,58.68,4018.09,409.11
106.78,41.32,3886.52,341.73
408.06,22.95,1563.54,439.05
422.86,21.86,4508.11,596.49
148.08,53.25,1723.89,284.54
206.23,65.72,4189.04,473.02
107.02,52.24,2827.92,305.38
217.32,70.45,2313.09,395.18
409.26,22.01,1632.96,442.06
307.18,42.01,1670.46,392.28
239.24,34.22,3647.56,425.11
248.7,46.84,3201.72,429.3
100.54,24.34,1488.34,191.36
219.92,77.25,1450.79,364.35
358.58,33.4,1289.24,401.42
489.68,75.34,3975.07,703.5
438.82,45.55,3847.53,611.77
109.44,79.13,1233.72,267.93
459.42,53.24,3241.08,609.46
413.28,75.85,1338.7,511.33
412.15,20.32,4614.98,590.95
283.2,64.89,4628.47,555.32
259.2,74.18,3792.93,508.28
221.17,28.38,4704.76,454.75
126.28,25.77,4245.81,351.96
191.29,45.47,4314.15,436.95
198.64,76.02,3278.83,436.89
293.63,52.54,2224.24,424.93
398.98,51.65,1871.2,490.21
289.52,28.47,2308.8,389.76
123.14,20.05,3513.98,304.28
483.12,68.61,1690.63,573.94
477.09,25.25,2034.56,521.28
414.08,58.03,2872.24,561.92
496.53,74.88,1932.2,606.15
317.79,32.52,3354.57,470.74
485.11,59.92,4692.7,712.6
130.24,24.72,3992.36,340.89
246.27,56.23,3665.71,464.64
190.15,29.84,3330.89,363.42
178.33,64.16,2951.79,386.49
156.32,38.07,1746.26,269.48
348.97,47.8,4578.84,579.82
412.53,55.97,1994.14,513.68
331.32,30.28,1365.24,378.73
158.79,64.5,4000.06,423.78
424.45,38.16,1702.46,481.92
354.38,59.74,2487.58,497.5
255.27,29.5,1113.14,304.12
369.65,61.29,1548.27,465.07
203.96,27.69,1692.81,289.35
238.08,45.52,1217.64,319.63
466.99,34.83,3626.63,607.18
216.2,64.9,4348.03,487.72
288.0,35.72,2493.26,408.64
456.06,72.9,4498.31,699.12
383.09,73.51,1853.39,509.4
124.88,31.79,2301.56,262.66
158.92,56.83,1602.95,292.53
103.14,25.26,3482.24,294.52
352.37,43.49,2679.48,481.11
279.07,62.8,3453.13,490.11
153.71,59.57,4046.7,414.65
483.17,57.48,3182.81,631.9
311.86,36.95,3510.52,480.45
196.76,42.68,4741.0,458.48
300.24,26.18,2196.26,389.27
371.85,63.14,2436.66,514.02
130.5,50.23,3870.81,373.29
209.88,62.53,3445.22,433.96
422.79,34.94,1714.13,476.34
283.87,39.47,2504.59,411.52
318.63,40.05,2871.35,458.55
273.13,21.54,2677.56,384.7
117.56,40.46,1713.1,240.4
166.3,68.2,4697.72,470.22
278.22,73.84,4049.28,535.79
183.67,51.09,2925.42,369.85
119.99,47.33,3720.24,353.0
437.46,21.85,4589.13,612.2
492.48,72.75,1544.7,580.34
417.26,20.78,2001.49,465.05
441.51,76.69,3170.8,626.78
196.79,49.35,4196.04,441.26
484.25,40.52,1145.02,505.43
178.77,75.45,4936.07,503.0
480.57,21.46,2819.63,557.63
497.93,54.89,2436.92,602.52
384.69,52.94,2170.9,495.7
492.46,33.16,1697.43,528.58
327.82,45.73,4166.3,539.17
203.82,59.14,4821.66,492.84
274.8,63.63,2654.58,448.01
337.42,20.04,4809.68,540.49
129.23,76.21,4295.19,432.46
348.94,29.87,2924.2,470.17
492.47,34.01,3696.1,629.8
176.04,35.81,2739.94,331.54
417.04,22.27,3234.89,528.78
463.16,27.38,1232.19,473.21
477.48,79.18,3785.05,690.01
484.05,38.91,1211.3,506.18
308.58,26.92,4268.34,500.66
490.92,26.42,4299.79,647.36
402.92,63.17,1948.31,514.51
164.67,71.27,2294.65,353.38
290.76,35.42,2925.24,432.0
387.33,21.25,3386.65,511.08
198.94,33.39,2149.41,316.7
356.25,23.39,3369.95,488.58
366.64,26.2,2191.15,442.18
165.08,45.89,1221.96,262.0
326.03,33.8,1010.11,362.03
408.65,50.96,1404.6,473.59
299.56,35.21,4169.0,500.91
104.84,76.43,4845.73,440.81
103.62,74.36,2707.86,329.82
242.81,54.01,3050.74,427.8
470.48,41.27,1587.39,517.65
191.47,42.87,3204.13,377.69
353.75,44.71,1578.62,428.99
188.83,63.65,3444.86,418.79
228.67,47.1,4733.03,490.23
439.22,71.4,1782.79,547.62
391.54,76.65,4058.25,631.12
138.16,40.16,1094.01,225.46
271.48,53.64,2501.99,422.75
111.67,25.7,1442.99,200.04
292.36,32.03,2409.9,402.42
364.97,44.81,1694.15,443.9
147.4,32.37,2493.22,291.14
215.55,72.59,2670.09,414.84
259.13,29.5,2202.36,361.67
467.81,47.34,3626.49,626.58
497.3,56.34,4675.41,716.12
117.96,61.51,2602.38,316.76
404.4,42.98,1769.37,476.47
248.69,72.15,2082.89,411.32
256.98,54.1,4416.0,507.54
401.71,46.37,3286.56,555.25
467.37,24.03,2820.04,550.95
480.37,47.88,1598.55,536.05
330.85,69.24,2798.91,508.49
242.85,56.87,2113.97,385.29
415.02,69.93,4772.65,675.54
200.4,49.64,4536.28,461.6
325.63,27.11,1335.61,367.95
243.43,20.82,3066.61,379.3
362.65,38.19,1900.23,442.42
196.16,61.88,2643.11,381.9
176.64,67.42,4507.39,467.8
467.3,37.75,3110.06,585.96
140.72,49.74,2336.86,304.03
302.38,45.27,1831.55,401.38
188.34,44.63,4201.3,427.68
115.57,33.88,3498.07,318.18
114.41,28.18,2872.26,277.41
170.09,31.8,1869.94,277.27
446.71,23.32,2336.99,509.2
212.99,31.89,4839.37,460.19
480.18,20.55,3080.36,568.99
332.65,57.64,2602.8,482.71
274.65,38.98,3085.69,432.47
332.04,78.39,4115.95,589.01
306.68,31.62,2360.44,410.8
403.51,40.75,1714.82,469.67
213.0,41.47,3339.74,399.59
241.22,20.51,3660.82,406.78
457.64,70.35,3850.87,664.18
478.58,21.92,4527.95,642.14
457.02,76.41,2484.7,604.47
267.78,73.52,1301.42,389.58
412.15,52.13,4833.39,649.58
290.53,52.62,2740.05,448.35
299.02,59.23,3493.03,502.7
181.87,43.22,3665.22,393.59
336.45,58.83,3186.05,516.71
174.45,22.69,1821.03,264.64
232.63,23.24,4020.57,421.99
442.01,47.43,4215.01,635.51
182.83,52.98,3211.9,386.33
128.46,73.27,2954.24,360.39
127.6,26.28,1455.75,214.29
476.31,69.36,1335.81,551.88
302.77,32.6,2358.26,409.03
263.76,43.65,2243.38,388.65
424.35,39.0,4814.63,638.71
434.33,44.01,4134.49,620.2
232.88,29.03,3639.7,411.83
377.45,50.21,3070.59,530.81
408.45,68.1,1669.47,512.38
361.86,46.49,4913.83,604.92
160.64,49.44,2500.16,327.67
450.35,70.93,1427.7,538.06
315.64,62.36,2975.2,494.82
212.99,49.43,4495.99,469.33
270.09,35.46,4549.16,496.72
115.03,73.1,1043.86,253.86
151.15,54.62,4545.18,430.11
406.22,33.27,2085.94,479.18
100.0,36.15,1155.89,192.02
266.63,68.19,4391.16,535.14
309.0,22.65,4455.47,503.95
121.85,79.53,3384.92,386.02
489.23,27.82,3297.74,598.0
190.45,67.76,4252.48,466.63
221.68,43.69,4145.24,450.14
221.58,49.53,4560.42,479.58
192.17,72.84,3210.99,423.54
100.59,44.77,4870.59,391.16
391.74,52.25,4984.59,640.99
486.74,22.96,1466.18,497.14
189.72,20.14,4398.18,401.89
365.22,34.69,2999.29,494.17
396.76,60.83,2550.27,536.17
439.37,27.28,3452.29,565.02
269.05,26.83,1223.86,316.67
221.17,44.66,3025.84,395.22
230.12,58.87,4483.56,496.58
385.05,62.72,1853.85,494.82
426.71,30.71,2705.56,522.71
172.65,24.78,4757.92,413.18
248.38,76.42,2714.26,449.05
460.78,35.64,2433.47,543.75
422.68,71.2,2762.15,583.05
493.94,71.81,3077.81,656.76
401.7,66.35,3527.97,597.28
257.28,30.13,4202.77,461.16
336.26,69.31,2808.41,513.39
364.41,66.16,4269.92,604.25
131.38,55.8,3134.88,345.56
317.8,40.23,2353.92,432.28
383.73,35.75,3631.8,542.2
166.93,27.31,3870.89,368.06
412.25,50.59,3232.2,567.29
333.51,55.12,1226.46,410.8
480.89,41.56,1679.53,531.03
116.97,48.52,2141.19,273.42
206.13,41.81,2130.5,334.15
340.62,58.46,3693.68,544.87
218.62,74.08,1073.39,339.68
385.77,29.84,4022.73,554.5
403.6,42.88,2061.37,490.28
141.01,28.45,2240.09,267.49
305.54,57.5,3111.64,486.26
303.56,63.73,1863.7,431.63
247.71,75.91,4537.89,538.94
473.17,36.73,1341.48,500.71
431.0,77.01,2777.53,599.2
378.88,23.8,4397.69,558.69
385.73,56.18,3463.38,566.02
284.69,23.43,2169.32,371.36
468.4,73.63,2683.04,619.31
377.84,51.79,3826.78,571.29
391.59,60.16,4893.04,648.17
444.68,69.89,4572.55,689.21
209.63,29.02,2369.73,329.72
422.83,22.32,4992.79,621.38
178.1,72.73,1014.02,302.28
238.14,38.9,1110.52,304.38
234.24,27.74,4295.36,443.77
491.41,48.11,1797.85,555.18
442.61,55.9,1243.08,500.09
380.47,21.86,1948.59,434.59
390.82,36.49,2704.4,502.62
324.83,21.97,3922.27,488.93
478.84,45.22,3497.34,625.77
298.5,73.71,1950.48,446.89
252.21,78.96,3013.08,470.86
165.21,58.22,4704.86,454.75
414.48,29.7,4260.03,589.13
393.78,74.35,2292.76,541.19
253.74,50.97,4929.06,525.91
110.08,29.22,3834.48,323.62
435.6,75.3,1249.8,523.92
104.57,65.45,1140.64,238.86
381.48,63.9,1673.63,484.72
488.1,62.55,3911.42,679.88
275.06,32.02,1734.96,354.83
193.99,32.66,3045.95,356.48
381.95,61.3,1373.04,466.16
426.85,33.18,4683.54,625.43
318.57,46.32,2375.84,443.13
486.81,66.92,4632.53,721.46
120.67,67.04,4779.5,436.06
301.92,47.2,1024.51,363.55
387.38,67.53,2856.54,554.03
445.06,70.32,1098.62,516.45
171.7,59.29,4634.77,458.03
420.0,33.71,3073.63,540.24
321.08,36.44,1299.78,376.52
258.62,38.89,1441.11,337.29
152.69,27.01,2534.04,289.36
446.12,36.39,4760.94,649.53
162.91,32.57,3771.64,367.77
223.92,47.32,4470.48,473.64
216.02,74.51,2465.83,407.87
448.57,26.27,1172.85,456.9
369.08,63.22,4897.27,634.95
418.67,61.24,1068.69,480.23
200.19,25.75,4790.61,438.3
349.95,75.35,2474.71,516.73
328.7,54.11,1040.36,396.14
433.13,41.82,3756.63,597.07
462.43,65.39,4922.16,714.14
104.86,35.44,4862.5,380.18
369.61,61.61,1643.75,470.29
120.73,22.38,1724.99,216.41
319.54,70.36,3262.16,524.29
215.05,46.89,3549.22,419.84
222.71,58.2,3957.67,463.35
241.18,33.27,1724.2,329.07
348.52,60.62,4836.03,611.55
233.62,66.33,3554.96,464.15
393.08,48.39,4388.19,606.46
261.81,57.06,3160.26,453.06
127.34,47.38,2657.11,305.8
413.5,73.65,4908.73,686.71
214.3,49.87,3328.49,412.68
273.11,70.51,4467.49,547.62
374.18,68.08,4813.17,642.12
232.98,44.63,3701.42,438.4
122.63,33.81,3195.75,308.6
249.57,44.36,1014.04,316.9
477.78,69.57,1160.08,544.59
356.69,33.66,1803.4,426.01
368.59,51.47,1744.03,459.27
352.91,68.37,2019.04,485.83
179.6,41.21,2219.74,316.48
267.33,58.53,2440.26,423.68
400.38,34.74,2682.15,506.52
140.55,26.56,1395.47,222.05
211.14,67.66,1169.45,328.88
210.53,25.94,3695.78,392.12
272.81,36.28,3149.34,430.14
492.15,71.31,2776.58,639.51
127.0,40.79,3537.76,339.67
307.48,78.38,4310.72,579.09
171.75,78.78,2710.77,391.11
488.27,36.1,3564.48,622.99
145.32,22.46,4814.29,390.66
261.44,62.3,4358.5,520.53
395.15,47.06,2704.0,521.91
381.82,26.05,3578.87,523.47
269.09,62.45,1708.28,394.36
238.61,21.87,3242.09,385.8
259.04,72.21,4925.31,561.82
205.71,28.32,3073.26,360.71
182.13,27.64,4710.55,422.69
293.22,30.54,2629.34,411.85
207.41,77.62,4995.38,532.12
214.98,61.59,3316.88,430.22
362.7,68.08,1169.08,450.74
487.41,43.86,3347.02,623.07
341.45,40.18,2098.29,438.35
130.79,34.07,1129.93,212.23
130.23,48.84,4283.41,391.62
480.57,53.11,2102.92,569.27
218.92,57.91,4186.19,471.3
136.83,35.43,2152.87,270.25
339.62,76.92,1777.31,475.94
349.46,30.19,4895.74,569.63
359.4,77.94,2446.58,526.76
206.96,20.89,3405.5,367.18
106.04,48.87,3439.93,330.13
486.01,40.0,3241.89,610.9
200.36,46.95,4658.78,463.65
370.41,54.24,3697.76,562.58
382.65,46.14,2614.93,506.07
344.0,44.89,4449.52,565.01
225.16,63.96,1724.25,362.29
208.44,61.15,3176.95,417.33
339.07,70.0,4802.2,616.36
446.44,35.0,3501.59,584.73
478.69,56.57,4267.87,681.21
142.36,55.11,3614.24,377.27
161.93,42.18,4357.48,410.7
477.89,49.16,4777.95,694.96
394.61,38.83,2091.69,478.52
453.2,28.51,1678.64,489.26
181.05,32.83,2935.96,340.88
335.03,26.33,3807.45,497.9
380.46,60.98,1908.77,491.28
372.04,59.64,1016.41,437.92
263.26,77.04,2371.74,444.75
106.16,63.78,4875.44,424.37
333.17,23.12,3779.87,490.21
201.24,73.05,2605.3,400.84
280.1,71.76,1770.3,420.24
483.03,46.6,2424.36,577.54
259.61,55.15,1679.36,374.39
435.92,78.56,1425.22,537.84
175.42,51.94,4626.97,449.59
368.98,74.32,4990.6,656.2
490.8,24.98,1656.46,512.94
140.76,31.46,1218.09,220.7
103.33,46.45,2318.92,268.28
273.43,55.09,2846.64,443.71
137.05,68.97,1819.28,304.06
399.35,79.3,2205.7,548.71
465.82,43.33,1803.48,527.83
273.61,22.84,4097.04,458.01
203.48,68.07,3850.31,457.41
273.76,56.26,3539.81,480.39
389.38,31.91,2548.87,486.82
103.62,49.69,4636.16,389.24
335.78,64.54,4878.13,609.34
345.32,66.22,1694.56,460.32
355.08,49.98,1892.05,453.63
196.81,38.31,3102.52,370.04
385.62,78.42,1365.0,494.38
136.56,59.8,2745.79,336.24
179.71,44.49,3327.17,376.87
450.99,36.83,3088.29,570.45
395.49,63.87,2323.63,528.37
105.5,34.53,3169.78,294.68
199.35,30.3,4835.2,446.69
185.76,51.79,1824.07,317.5
208.32,37.4,3619.33,403.72
199.02,57.73,1173.59,304.5
125.01,27.08,1265.67,203.91
283.58,59.3,3207.31,476.17
393.09,37.0,1419.76,440.96
342.69,20.01,1089.39,358.65
369.15,27.62,1686.05,421.05
132.46,76.02,3259.4,382.96
480.6,72.04,3813.36,683.21
435.4,34.02,1809.91,489.84
422.04,66.7,3673.04,621.33
429.19,56.51,1729.91,514.62
473.08,78.25,3453.83,668.54
317.7,42.42,2647.84,450.18
180.11,60.89,3615.2,416.18
346.71,23.81,4980.21,562.1
397.15,43.77,4751.27,620.95
395.17,77.83,1017.13,483.73
308.58,52.34,4541.76,552.46
127.38,37.27,1265.96,221.11
248.45,27.22,4812.19,480.19
468.31,62.21,2127.3,574.33
333.78,58.69,2528.14,481.47
315.33,42.44,1366.55,384.25
207.54,77.06,1449.09,354.07
247.38,21.33,3906.96,425.25
458.14,38.22,4777.33,662.71
366.59,75.26,3442.99,578.31
414.95,39.26,3863.4,584.02
281.74,35.14,4047.88,480.49
352.1,52.05,2051.26,462.32
199.35,69.43,1180.92,322.67
382.18,26.19,1007.49,395.41
271.04,76.58,2402.6,451.83
277.02,67.7,1965.86,421.46
359.73,30.88,1249.27,396.56
474.51,62.72,1718.11,559.6
125.6,43.1,1498.0,240.03
429.9,44.14,4659.51,643.1
216.95,67.0,1561.07,352.11
277.57,77.77,3150.59,496.23
108.77,27.6,3372.42,297.03
220.42,45.24,3173.96,402.89
301.05,48.86,1396.23,383.94
122.47,42.58,2275.19,275.6
296.44,41.79,1205.08,360.09
470.84,23.14,2582.68,540.51
142.16,61.13,1754.4,293.14
405.78,46.17,3246.53,556.21
263.87,31.69,3771.23,447.19
362.07,68.96,3128.48,549.52
204.09,68.15,2736.95,402.35
163.8,49.18,2549.33,332.28
164.19,37.91,4366.77,406.55
128.2,58.29,1877.47,283.86
174.26,37.29,3936.87,392.18
365.69,34.16,4029.93,545.29
452.68,63.83,2676.8,591.73
425.65,22.42,2189.2,483.61
374.05,25.69,2882.17,481.88
144.17,20.41,1372.86,214.59
215.67,29.18,1183.72,275.49
223.92,24.14,1446.41,287.67
199.98,79.75,1748.58,367.04
306.0,37.33,3016.71,451.63
314.22,28.96,4396.55,514.64
242.75,34.46,1942.57,343.02
241.52,76.17,4740.65,544.5
431.42,51.21,4819.63,662.93
415.72,41.89,4835.62,637.19
223.12,72.4,4350.25,504.61
465.52,43.7,2455.3,560.73
481.13,40.1,1290.74,509.59
230.7,32.44,3275.27,396.98
241.77,42.67,3234.73,419.15
302.25,39.0,4399.9,520.3
476.45,60.64,4983.96,721.31
450.53,37.37,3032.63,568.12
141.03,54.63,2380.82,313.81
257.09,23.95,1743.61,328.78
321.35,31.48,1019.2,355.25
301.25,44.44,3036.45,459.49
177.55,76.22,3222.07,417.47
443.53,42.64,4299.75,633.76
370.78,59.84,3018.31,537.3
435.16,35.31,4665.87,634.38
443.51,27.62,3512.33,571.85
399.34,23.51,4361.34,572.81
275.68,38.32,1593.21,357.69
344.22,29.46,4421.34,540.63
164.15,30.44,3700.58,362.01
369.46,65.65,1680.93,478.08
171.7,20.95,1759.05,256.74
377.58,53.47,4706.0,617.57
191.84,42.77,1128.86,274.07
147.02,50.39,2850.14,335.71
166.11,53.77,2253.9,326.24
100.8,38.8,3660.31,321.86
387.5,37.71,4358.52,584.48
392.96,64.0,2441.51,532.45
305.97,72.28,2707.61,488.57
164.55,31.55,4927.67,425.35
133.42,25.86,4135.67,352.31
107.65,73.87,4588.82,426.36
166.3,40.99,2755.05,332.28
456.34,53.08,1936.3,541.51
196.61,41.57,2647.45,352.02
241.71,27.55,3864.37,427.91
142.14,55.36,1437.72,268.64
188.94,51.51,2081.88,332.51
307.69,32.18,1186.54,353.75
343.1,47.11,2729.39,481.62
198.14,67.82,4309.78,475.73
123.09,55.43,1098.65,236.55
256.41,25.82,3701.29,428.92
193.68,52.88,4729.98,470.77
187.82,62.16,1947.71,340.89
483.95,67.56,3774.54,677.23
346.52,57.75,4900.41,608.86
322.75,29.16,4849.11,544.4
266.31,62.61,1939.72,403.95
271.58,60.64,1401.32,378.29
316.36,21.47,1593.13,364.94
378.57,44.7,3808.14,560.32
380.86,39.98,3903.04,559.8
168.68,60.16,3696.95,410.04
300.05,32.97,2344.31,406.7
264.78,55.45,1679.11,378.96
448.21,74.79,3323.04,636.91
352.57,67.87,2934.72,530.59
313.0,75.29,3915.34,559.1
146.16,78.71,2765.44,373.26
342.26,20.64,2354.56,422.49
146.88,57.36,2173.91,312.25
234.88,44.77,1845.88,347.36
157.14,71.59,2062.99,336.25
376.83,35.11,1379.32,423.09
182.5,78.86,2387.43,383.66
256.74,56.82,1146.28,347.94
458.27,67.61,1745.66,555.32
181.73,25.14,3987.08,382.44
303.12,31.01,2301.88,404.1
267.71,65.5,3672.95,496.07
107.25,21.32,3867.54,311.16
417.1,69.01,3324.74,603.44
127.62,20.84,4834.79,375.09
289.7,59.43,1085.76,375.19
324.27,41.91,3954.61,520.01
351.37,56.69,4835.15,607.89
375.45,61.76,4449.09,615.46
201.31,40.55,1671.57,305.45
103.99,26.48,2307.28,238.27
389.38,24.18,1689.81,432.26
314.26,55.34,3405.23,504.68
434.45,51.24,3848.75,616.85
428.56,64.53,2268.3,553.06
437.33,50.58,3158.03,583.64
294.04,45.35,3763.68,491.43
233.45,43.89,2685.36,386.86
416.62,21.59,4416.06,586.48
280.52,40.13,4086.2,488.92
173.38,78.56,1258.66,319.48
441.99,72.41,3484.5,636.44
453.02,39.76,1941.3,519.13
286.52,55.27,3230.07,473.62
130.28,70.84,4827.55,451.86
255.13,46.48,4516.25,499.63
421.42,21.08,2618.07,499.65
460.71,24.47,2166.06,513.58
181.39,50.62,1937.62,317.93
126.79,78.17,3130.06,375.18
450.94,61.59,1456.99,525.99
255.76,24.25,3197.1,400.85
316.7,31.36,1005.33,350.67
487.23,66.28,2295.4,603.97
126.63,70.49,1879.74,301.02
359.33,57.06,4884.88,617.3
129.64,58.67,3908.97,387.16
250.19,21.7,2398.61,352.63
421.53,69.71,1371.38,510.36
273.39,67.3,3067.2,473.02
498.87,35.54,1853.79,545.1
323.62,62.52,3145.72,509.97
228.46,32.89,4341.45,449.18
188.04,22.42,3463.17,357.22
240.21,32.07,3535.15,417.03
249.01,30.72,3164.12,403.49
127.49,40.26,4709.06,397.84
247.83,45.11,4727.61,502.3
285.7,50.51,3050.89,456.87
389.1,48.61,2223.04,495.34
362.69,36.24,2838.35,486.43
383.51,21.75,1746.23,426.74
103.35,56.31,3545.38,344.4
187.07,43.74,3000.37,365.29
364.67,37.92,1413.2,419.28
293.6,72.02,1790.59,432.43
102.13,64.8,2918.53,324.83
421.8,71.47,4550.36,672.15
409.12,49.7,3265.56,565.13
319.37,27.86,3726.14,483.58
126.59,61.77,2356.11,311.73
406.61,32.36,3285.65,538.11
333.49,46.47,2789.52,475.97
412.78,23.9,3636.52,547.9
400.7,69.52,1202.3,484.95
421.2,27.56,2973.2,526.96
307.2,74.19,2183.97,466.24
156.13,71.85,2304.74,347.92
368.46,47.87,4843.67,608.77
348.19,64.66,1730.78,462.08
396.9,57.17,2244.98,515.52
167.95,68.18,3039.57,388.62
177.99,45.91,4452.11,433.86
456.16,67.15,2666.68,598.99
399.99,47.75,3975.46,590.39
463.29,76.46,4425.5,706.59
403.49,49.18,2240.07,508.57
338.86,47.76,2571.0,471.28
361.65,67.1,2426.22,511.29
455.65,69.29,4331.42,685.03
331.52,53.27,1177.39,403.99
352.96,30.79,2233.68,440.23
162.59,48.07,3717.63,388.05
289.57,78.08,3261.77,511.87
386.56,65.18,2745.16,544.27
208.38,68.67,3159.79,427.7
180.9,21.97,1790.34,267.19
225.53,48.07,2722.87,388.68
196.6,58.8,3006.81,395.82
185.97,69.8,4604.76,483.71
269.94,22.96,2043.34,352.55
463.14,71.15,4471.31,700.79
302.82,52.9,3576.97,500.46
175.17,31.84,1081.36,241.96
130.79,39.04,3898.53,358.11
378.46,36.92,1142.21,415.25
253.12,51.85,4989.52,529.75
428.73,23.1,4490.55,602.16
363.8,29.51,2189.37,444.78
418.5,68.76,2029.64,539.42
208.78,27.96,2525.76,335.25
376.94,34.0,2424.67,473.79
205.62,47.2,2489.35,359.77
475.63,51.03,2273.11,570.7
354.55,65.82,3484.53,556.59
229.8,46.84,1657.05,336.96
207.8,67.39,4383.93,486.53
176.37,57.1,4249.61,439.23
377.86,26.79,2905.93,487.76
187.49,29.38,4410.92,414.6
338.12,46.22,1988.58,439.26
205.85,43.81,1070.26,283.92
364.79,64.61,3476.83,562.59
425.98,54.84,2831.64,564.63
411.21,43.29,3268.66,557.33
404.34,30.25,4597.36,598.71
175.09,33.61,4879.7,434.47
135.35,54.53,3537.81,366.97
379.58,45.41,4056.22,574.58
247.34,50.9,1335.23,340.98
272.94,30.24,1642.86,345.85
112.46,59.77,3932.82,376.27
203.83,71.15,2725.46,406.07
113.47,35.48,2783.86,283.18
451.67,49.49,2234.43,547.3
197.36,78.53,3429.43,447.16
322.93,39.99,1740.66,405.37
115.59,55.7,3507.67,351.41
366.74,25.41,1695.2,416.27
229.21,56.36,1255.3,330.68
459.17,25.38,2321.43,521.47
455.25,77.55,1924.56,576.76
230.12,62.94,4555.97,506.3
460.38,67.29,1219.81,530.23
498.46,62.25,1706.45,577.46
430.17,55.38,3194.88,586.95
437.95,46.99,2924.27,567.06
199.6,71.5,1183.41,326.11
330.68,77.41,1029.01,432.11
126.9,49.94,4952.27,424.05
137.97,75.89,3635.34,405.98
499.56,55.0,2461.62,605.23
230.66,52.3,2881.73,407.07
399.27,47.27,2066.2,493.63
422.67,32.56,2379.5,505.94
443.21,20.22,3596.18,564.71
499.05,34.49,4531.25,677.54
196.6,50.58,1736.52,319.98
116.14,42.8,4361.45,375.18
264.48,46.91,1486.23,356.26
152.03,78.84,1859.97,332.88
108.97,41.02,1148.7,206.14
244.17,47.13,1563.25,344.2
413.5,28.01,4669.21,606.27
326.47,22.88,2837.75,437.38
225.11,66.52,1310.66,345.41
361.74,54.24,4838.91,612.7
192.81,65.64,4515.97,478.51
105.75,28.99,4018.73,329.03
405.74,54.31,4733.89,642.75
349.5,35.22,1880.52,426.45
404.92,33.68,4345.48,591.74
115.58,20.69,3759.96,311.5
434.85,27.82,4479.04,613.56
347.81,38.56,4187.65,545.46
325.36,27.01,2385.98,420.1
349.85,79.15,4097.59,603.48
445.77,38.52,2049.83,516.89
334.77,27.82,2314.37,425.27
332.38,31.94,1431.62,385.4
496.27,55.26,4740.31,716.93
402.69,23.84,2164.01,466.12
276.92,71.75,3082.49,483.28
382.96,77.69,2565.33,551.17
255.69,34.8,4839.71,498.75
191.55,47.01,2340.2,340.76
338.74,21.33,4114.18,508.69
471.27,58.44,4421.66,685.77
471.66,44.84,2742.43,581.7
236.76,36.2,2512.69,369.35
311.07,32.41,3990.98,497.02
184.65,59.24,4651.58,469.16
498.25,44.97,4019.73,667.05
492.45,30.78,1908.51,535.55
359.8,61.35,4553.23,607.52
421.77,53.9,2550.33,545.79
386.04,71.52,3304.92,581.36
337.26,27.05,4325.74,526.67
121.34,67.14,1753.58,285.46
281.91,60.41,4138.04,523.04
369.91,26.9,3384.65,505.52
371.01,61.69,4573.37,618.01
249.25,46.49,1687.88,353.53
476.68,76.7,2682.73,630.53
166.94,28.5,4331.37,392.87
300.14,58.57,1076.93,381.82
376.35,42.92,1448.81,437.9
378.85,77.41,4962.26,667.31
359.46,39.8,2121.58,453.34
210.12,77.73,4902.17,529.8
162.48,74.09,1730.13,327.63
354.38,36.22,2444.38,460.05
339.72,68.21,4011.48,574.67
171.74,79.74,3631.11,438.55
382.06,35.16,3324.49,524.61
282.07,46.21,3119.6,450.94
367.1,51.21,4373.76,589.19
434.95,37.7,1939.79,501.49
167.89,20.92,2769.88,304.18
107.66,33.21,1621.81,217.03
411.64,36.92,3383.77,553.88
343.88,46.62,2002.18,445.14
379.86,30.27,2335.37,466.05
435.26,72.4,2885.0,601.05
421.12,62.29,1107.08,485.7
484.37,25.11,1367.75,493.55
314.37,59.01,3743.72,527.19
295.4,59.22,2715.88,460.94
260.75,77.37,4459.16,547.62
161.48,20.18,3778.69,348.39
329.04,34.88,1032.4,367.17
210.81,75.67,3466.85,455.49
468.52,75.93,1374.9,557.46
333.28,63.24,4123.73,567.66
337.14,65.95,4966.03,616.93
241.97,25.49,3124.8,388.05
120.8,50.83,3731.12,359.44
112.7,33.89,1949.26,238.46
269.33,30.87,2750.39,399.3
133.83,68.62,4424.38,431.21
342.74,28.1,1669.69,399.83
452.39,48.12,2062.14,537.2
453.17,76.31,2781.73,616.09
363.62,31.15,3849.0,530.07
184.49,78.68,2503.54,390.79
445.2,79.66,4710.93,711.19
454.44,53.34,1377.83,512.45
178.66,30.21,2483.22,312.4
394.97,38.97,3835.82,566.22
214.61,45.47,1903.95,335.09
421.06,38.56,3625.65,575.97
498.9,36.84,1656.87,537.22
112.01,78.33,1223.92,268.31
458.95,29.2,1484.06,485.16
349.05,64.0,4719.94,611.24
489.35,20.02,3207.0,581.87
286.0,55.77,4185.38,521.73
438.96,74.96,2330.62,580.13
124.96,37.28,3370.63,324.41
234.11,31.13,2979.81,382.98
126.81,59.1,4782.95,429.24
490.14,62.76,3990.3,685.76
426.79,61.28,3922.17,629.46
441.02,39.16,1185.41,470.82
475.19,35.13,3198.68,592.78
134.04,77.36,2867.97,366.66
254.24,75.4,4711.37,552.06
128.41,47.44,2029.37,275.36
184.32,70.77,2079.33,357.58
191.75,47.14,2645.38,356.38
287.64,45.46,1973.48,396.98
207.42,29.41,1516.74,285.89
140.39,45.58,4429.66,402.17
167.0,52.25,3233.11,373.62
158.91,21.35,4445.45,381.43
489.23,46.65,4324.54,677.58
403.72,66.88,2128.17,529.7
487.1,60.8,3190.95,640.44
275.9,58.11,1332.87,374.52
211.35,74.57,4661.01,513.99
419.32,21.08,2617.05,497.93
230.5,53.42,2574.7,393.27
219.75,67.24,2211.02,387.22
193.0,52.48,2842.65,375.25
151.87,39.43,2007.04,281.0
202.59,28.18,2499.41,329.3
242.13,73.25,4199.79,513.57
369.6,48.25,4337.02,584.9
125.03,72.69,2216.73,319.89
184.2,55.15,2876.06,373.89
423.61,60.45,4495.28,654.33
158.77,68.26,1210.69,289.93
237.06,59.55,4556.58,506.8
445.86,43.88,1876.74,516.35
161.97,50.82,3714.16,391.51
133.09,68.18,3330.21,375.26
293.82,42.42,3211.76,459.27
220.97,43.29,4437.44,463.58
325.36,25.74,1406.29,369.22
421.52,74.88,2388.11,568.94
154.86,25.46,3153.01,319.73
332.28,58.89,4245.16,566.42
302.2,44.79,1865.77,402.24
157.63,44.34,4211.72,403.2
349.6,60.77,2598.55,500.77
209.46,24.03,1755.66,291.39
295.13,55.62,4035.95,521.34
132.91,66.32,1363.6,273.99
283.83,69.69,3059.07,484.56
222.59,30.23,1255.5,286.19
428.95,73.85,2425.67,575.21
122.79,59.37,3404.31,357.5
267.44,72.91,3224.46,484.54
283.37,49.12,2618.62,431.3
390.0,52.52,2716.19,526.59
329.72,75.14,1907.08,471.84
366.88,73.99,2823.53,545.68
410.82,46.89,4813.02,639.64
444.88,36.46,4401.81,630.69
225.55,43.59,1580.93,324.87
315.21,43.27,1119.12,373.02
436.04,37.21,4734.1,641.36
495.78,36.11,3107.0,606.15
455.81,71.66,3151.35,629.71
248.59,24.19,4122.87,441.3
178.07,60.66,2258.76,346.38
295.76,30.37,2927.63,428.54
396.66,40.67,4874.65,622.06
297.03,23.69,3688.59,457.59
293.27,36.2,1614.98,369.66
435.29,66.11,1532.91,524.04
244.56,73.1,1817.06,396.15
443.92,33.29,4066.85,608.41
262.72,47.81,2181.51,390.97
231.29,48.22,1085.56,311.64
281.6,72.41,4776.7,572.73
404.98,65.77,1678.85,506.58
150.4,50.78,1038.23,248.41
178.57,60.24,1948.53,330.65
480.58,70.84,1940.12,587.73
170.2,20.57,2688.02,301.42
327.09,44.17,4681.56,562.01
331.73,74.43,4516.74,602.87
295.85,64.42,2827.58,474.69
357.9,52.57,2643.6,497.35
191.93,51.78,3220.04,392.21
321.06,40.87,1973.82,416.84
248.87,51.23,1208.74,336.38
364.67,59.32,4756.9,618.56
156.49,45.1,1746.8,280.18
328.35,62.85,1793.6,446.63
174.11,71.67,2889.84,391.29
211.46,29.28,2966.45,361.41
187.48,47.09,1073.74,274.31
173.14,44.48,1591.82,284.82
430.28,61.25,2512.62,561.73
214.28,34.99,3734.92,410.66
470.85,58.42,1913.67,559.99
487.97,72.65,2692.06,633.95
328.5,45.09,3229.38,491.9
157.2,74.66,4554.37,465.47
249.82,79.59,2304.28,434.45
419.09,26.37,1534.23,451.53
246.96,33.98,2957.09,396.39
134.81,77.02,3986.89,422.72
322.71,77.5,1439.44,446.39
438.05,25.86,2698.73,524.17
418.37,20.9,1071.14,419.6
170.05,29.67,1134.24,237.25
369.11,79.76,2931.81,561.52
188.2,30.8,2192.79,306.4
187.28,50.15,4380.43,444.08
449.63,70.91,3408.62,636.49
199.87,21.22,2815.73,332.52
205.3,56.27,2631.74,380.23
100.26,36.62,2988.98,284.59
448.27,71.74,1161.76,524.31
417.04,37.01,4571.17,617.7
350.93,61.21,4993.21,622.21
400.11,60.45,1725.95,497.06
160.82,33.29,1481.53,252.67
283.33,22.09,1574.31,338.51
240.49,44.55,3644.11,441.43
137.51,37.35,3645.76,348.32
294.45,68.54,4391.7,557.95
468.3,68.02,4007.31,677.03
116.02,47.42,2798.76,303.89
216.58,56.39,3451.42,430.42
183.02,56.26,3753.14,418.45
195.26,69.63,3050.95,413.2
463.37,45.5,2902.6,584.08
287.23,36.53,3580.39,463.59
286.52,35.9,3229.9,444.56
404.23,52.17,3575.77,580.43
161.8,46.95,3451.42,372.43
294.91,46.41,3876.79,499.38
271.99,25.47,3571.21,434.36
338.76,63.12,3078.97,519.63
499.82,32.82,3727.19,635.45
407.78,31.82,2797.93,513.85
259.15,44.77,1966.68,372.8
431.02,33.67,1005.67,445.6
168.28,55.03,3239.86,379.17
112.19,42.29,3362.62,321.31
181.78,46.93,4888.2,460.24
236.16,52.23,2445.91,389.57
304.23,32.21,2576.53,420.53
346.05,29.35,1807.2,411.22
464.24,72.83,1282.14,544.74
303.94,46.02,4091.22,516.75
300.51,44.73,1998.72,407.43
120.1,22.14,3435.62,301.06
113.96,49.88,3751.09,353.54
320.46,53.25,2884.95,480.49
275.27,53.53,4505.41,525.78
435.67,62.42,2775.18,580.93
164.27,30.65,2139.63,284.37
109.99,35.13,4584.06,369.89
279.62,68.64,4446.26,548.97
194.99,76.83,1656.16,354.05
119.85,28.16,1103.84,193.3
389.84,49.86,1359.94,454.66
144.64,32.85,2146.19,272.3
343.33,23.6,4889.04,554.52
212.42,39.53,3234.06,390.93
169.4,28.62,2493.05,303.1
251.9,62.6,4554.86,523.16
420.58,52.02,2812.55,555.13
256.84,28.63,2260.95,361.46
400.31,20.55,4764.88,589.32
150.19,68.49,4398.07,442.79
409.11,30.57,4374.67,591.88
194.77,56.37,3049.14,392.84
370.96,40.22,4157.75,564.98
326.31,55.13,1717.41,429.61
471.66,38.94,3292.89,600.38
254.93,25.22,4935.38,488.54
126.47,33.38,2163.83,259.43
107.66,31.28,4177.41,341.93
430.74,45.68,2961.91,561.21
309.89,59.5,1159.22,395.12
410.1,35.83,4052.08,584.42
193.77,20.72,1674.28,269.82
238.03,51.14,3525.89,443.43
112.04,56.35,1342.66,241.28
484.6,77.77,4787.47,743.71
367.15,55.37,2166.9,485.11
473.28,48.27,1905.86,546.32
206.2,54.4,1516.55,322.39
344.59,75.67,4784.01,628.38
371.4,69.7,3847.61,594.05
227.02,39.38,3966.64,439.02
439.24,34.24,2997.62,552.63
478.86,35.76,2898.91,581.67
453.94,50.27,1440.08,510.56
395.63,64.64,3239.36,575.43
210.99,50.19,1987.67,343.46
212.65,24.07,4908.58,451.65
485.34,63.41,4186.32,692.71
104.11,68.36,2651.97,318.43
386.42,37.37,1605.37,445.46
382.5,59.85,4141.33,602.84
349.08,45.6,1488.22,422.06
496.04,73.35,1757.34,594.72
224.75,70.71,1846.08,378.18
235.99,51.53,3227.56,427.46
131.58,61.49,4148.23,404.91
277.12,73.0,2257.26,444.06
204.42,49.74,1338.68,305.08
237.35,38.8,2858.15,390.98
433.83,65.22,3992.44,644.51
474.19,33.2,1886.66,523.49
174.29,43.31,1879.7,298.39
249.0,71.94,4788.91,546.56
471.45,63.47,4816.61,713.19
124.72,44.23,4961.86,414.21
136.94,32.88,4230.64,370.41
165.12,41.36,1752.74,281.77
338.09,37.05,1847.93,418.43
160.19,30.57,2360.9,292.04
487.23,64.6,2272.53,600.31
278.69,35.12,4826.11,516.94
300.61,47.25,4156.3,519.18
198.66,43.15,3896.04,418.46
288.38,78.92,1743.85,436.29
364.77,43.47,4638.1,588.92
400.47,24.8,4311.48,573.15
401.55,25.39,1654.57,442.05
331.16,55.45,4484.68,572.33
461.74,55.96,2088.99,557.79
426.96,45.13,1323.48,475.43
402.82,45.91,3627.29,572.49
122.24,23.24,3615.22,313.41
102.75,50.99,1379.73,227.68
184.98,50.28,2275.41,337.18
365.41,28.97,4971.26,584.35
264.48,26.23,3713.71,436.61
260.96,27.41,3920.3,445.91
453.83,26.06,1851.67,494.74
458.23,56.58,1315.13,517.21
463.67,31.79,2107.61,524.0
225.55,35.09,1995.59,332.85
376.42,30.41,1938.18,443.67
208.65,77.47,1771.02,371.68
176.24,71.28,3299.02,412.86
173.85,33.83,2312.41,305.45
236.84,39.65,4281.38,463.02
271.98,32.59,1735.79,353.27
432.38,49.51,2858.51,563.1
147.96,21.18,1054.63,202.86
393.97,60.28,2926.73,551.94
312.58,51.39,1223.35,388.32
215.18,73.92,4910.89,528.56
297.13,29.86,4162.37,490.62
219.98,68.25,2960.45,426.37
338.43,67.52,1346.35,439.34
273.54,27.63,3369.78,428.77
165.76,43.91,4035.06,400.23
146.63,30.21,1762.87,250.76
318.68,35.28,3272.83,471.51
460.97,35.79,4256.84,635.31
237.58,53.37,4072.99,473.78
393.2,44.68,4211.97,592.19
363.46,76.86,4517.29,631.93
472.62,27.58,4750.73,657.01
428.39,78.42,2622.08,591.45
326.64,33.84,3275.08,475.82
362.81,66.37,4162.64,597.94
459.35,40.34,3788.56,617.42
259.81,28.58,4982.08,499.83
230.72,71.47,1054.71,344.52
104.32,38.53,2420.53,262.28
430.62,59.53,2124.11,540.0
420.39,53.99,2049.26,519.76
141.78,48.31,1890.12,280.39
330.74,49.75,3836.5,531.04
285.59,63.93,1339.04,391.33
147.48,25.27,3966.44,354.21
492.23,60.09,3773.7,672.6
185.88,73.75,2003.22,359.49
126.89,23.47,2011.34,237.28
337.94,28.44,3515.44,488.78
395.55,63.0,4048.68,613.37
112.98,46.24,4505.94,385.03
363.49,44.21,4408.56,577.54
312.92,28.22,4859.53,535.64
141.31,50.41,3325.54,354.93
169.01,27.59,4634.62,408.33
327.19,48.6,4234.05,546.35
218.54,65.82,4578.67,502.49
475.33,35.5,1046.51,485.83
427.5,48.85,4863.61,658.45
493.43,79.52,2894.12,658.73
203.87,61.2,4192.73,464.53
487.89,70.48,1508.82,571.47
272.49,44.89,2583.76,414.52
239.01,66.07,2085.84,394.61
120.14,22.43,2166.64,238.09
121.11,27.37,1493.02,212.6
376.8,32.18,4223.06,560.87
283.17,44.12,1036.97,344.56
190.61,70.74,2250.02,371.11
345.59,40.78,1697.64,422.52
201.14,59.28,3356.16,417.64
331.05,62.56,2017.01,459.53
243.68,55.17,2035.99,379.5
429.42,41.43,2953.35,553.36
428.28,54.62,3610.76,605.1
290.94,40.54,1485.22,367.82
240.33,25.03,1702.05,314.91
245.02,79.57,1988.7,414.81
422.29,27.63,4894.99,624.02
231.27,24.34,2588.61,350.96
183.62,72.71,3395.96,425.76
133.88,38.11,1966.17,262.57
286.68,59.02,2961.84,465.96
292.85,39.74,1296.48,358.72
436.36,43.49,1138.97,471.27
188.5,35.73,2874.93,348.13
252.4,40.58,2594.64,392.52
423.36,44.64,1547.52,483.03
429.45,63.22,3750.41,625.92
253.84,50.69,4971.61,527.69
283.65,76.61,2582.59,470.97
221.31,22.51,3498.23,385.73
473.02,50.18,4851.9,696.29
147.46,55.05,4326.14,416.85
473.5,75.21,2854.21,634.33
373.55,22.95,3949.96,530.76
312.63,54.41,1512.54,407.35
113.06,71.22,3048.42,349.7
290.24,34.52,2116.24,389.78
263.1,72.58,1644.65,401.58
164.49,21.14,2705.12,298.56
362.56,63.95,1524.06,462.17
488.46,75.99,3795.94,694.55
324.88,59.43,2824.96,490.3
385.9,46.34,3124.58,534.46
127.38,22.69,1585.5,215.22
267.07,75.21,1559.09,404.42
146.54,48.22,3333.66,356.24
345.12,21.74,4940.04,555.71
475.39,61.39,1385.0,541.65
364.71,48.91,2142.93,472.28
130.72,27.46,4477.84,369.66
241.87,32.86,1289.09,307.23
320.27,23.87,4503.54,517.19
261.28,54.46,3097.14,445.57
433.46,57.32,2633.07,564.4
425.87,50.34,2238.72,528.15
344.73,69.03,2188.47,488.75
249.38,71.66,2223.21,418.16
202.13,56.94,4539.21,474.07
142.35,20.77,3895.18,339.79
241.96,61.71,3678.89,470.08
265.27,45.08,4195.0,489.58
370.33,53.93,2028.46,478.59
363.26,58.94,3472.17,552.64
128.04,41.01,2840.26,305.97
258.1,75.03,4129.77,525.51
172.71,28.04,2237.02,292.08
162.73,60.29,3572.71,399.25
430.92,20.26,4528.85,601.57
116.77,75.48,2608.6,337.06
267.67,26.75,1266.49,317.59
167.28,25.69,3064.2,325.57
451.73,39.98,2383.89,540.55
322.82,42.41,3688.9,506.32
192.55,32.86,4804.13,443.54
300.97,55.11,2942.43,470.56
392.59,46.57,2864.76,527.18
483.25,22.05,3618.34,600.59
188.18,39.18,1413.99,280.01
454.47,68.63,2014.02,567.22
473.72,61.38,4675.92,704.85
466.57,63.49,3679.77,652.48
354.17,61.89,1053.78,428.85
351.93,38.66,1818.5,430.46
261.28,25.98,3731.35,434.56
400.96,36.35,4057.6,578.17
312.52,69.91,4359.44,572.85
370.98,78.83,2168.71,523.46
271.38,49.63,4724.11,527.76
392.6,20.58,3211.79,505.54
429.79,28.4,3786.16,575.74
158.57,39.32,3386.96,355.19
433.17,54.72,1490.96,503.16
316.12,24.51,4852.46,532.28
437.87,76.6,1491.5,539.77
272.52,41.91,2019.53,381.85
251.62,74.76,4254.51,526.15
466.02,66.83,3474.39,646.79
200.47,65.33,4352.6,475.99
437.68,56.4,3062.94,587.9
293.61,57.61,2507.97,446.7
305.64,58.28,4687.38,566.3
223.39,57.72,1145.01,322.55
329.22,53.22,4424.52,564.44
230.08,79.18,1923.27,399.01
115.71,63.94,4394.95,408.22
208.8,66.62,1556.79,344.8
102.55,72.35,3320.88,356.61
491.34,32.94,4552.43,670.1
486.3,25.03,2894.16,571.29
258.06,48.97,3986.27,479.22
391.35,50.84,4218.69,600.28
238.32,69.75,3945.98,492.58
368.44,46.63,4701.32,599.76
422.17,54.25,2787.34,558.48
478.7,51.62,1692.5,545.02
260.08,22.29,1191.24,301.07
413.32,56.91,1985.84,515.32
206.37,69.68,1572.79,348.26
496.13,29.45,3231.79,602.67
110.31,55.66,1739.78,258.73
341.41,55.62,1155.73,414.34
363.8,29.85,1143.96,393.02
375.22,27.41,4326.28,557.6
148.16,78.8,3365.8,405.02
475.41,43.62,2432.34,567.38
172.47,33.65,4576.91,417.29
349.1,30.28,1280.79,388.74
189.07,60.06,4921.29,487.4
222.89,56.57,3465.17,436.42
318.58,58.61,1733.86,429.48
266.88,25.28,3716.28,437.24
164.09,73.61,4053.53,444.37
168.37,43.36,2717.37,335.6
267.26,38.8,4446.53,494.34
402.91,47.74,1602.93,474.09
459.19,43.4,2115.35,538.22
133.65,71.81,1373.97,283.34
257.24,75.76,1843.51,411.6
140.1,38.21,1954.92,267.14
106.64,71.84,4670.53,426.59
364.69,66.89,1312.44,457.71
340.98,75.85,2709.66,522.04
165.21,34.75,3129.59,340.76
193.53,54.62,4594.77,466.49
109.48,36.47,4990.78,391.83
433.98,69.45,4013.55,652.03
489.88,20.32,4883.16,666.54
154.18,53.89,4148.4,411.6
192.59,40.35,4852.81,457.24
447.36,39.36,3829.08,608.39
470.59,58.69,1319.05,530.46
267.85,71.09,2607.68,451.3
120.25,56.55,3586.39,360.35
115.76,71.19,2402.87,319.53
329.58,35.88,2093.54,422.15
257.16,51.17,3309.6,447.96
111.46,47.03,4734.01,396.42
333.3,20.7,1139.93,354.69
104.52,53.41,4076.92,367.58
414.95,59.69,3890.91,616.04
222.57,55.51,4855.81,504.12
116.1,64.18,4722.84,425.29
335.34,54.28,4048.93,552.14
259.07,24.01,3081.64,397.35
489.52,26.99,1817.07,522.95
317.68,55.79,3180.94,496.87
210.1,36.5,4061.41,425.9
383.78,24.78,4582.68,573.32
208.6,45.78,4158.85,443.48
461.7,53.26,1781.07,538.3
249.89,39.72,3398.75,429.44
319.95,63.23,2328.69,467.23
120.23,58.63,1036.82,235.96
270.45,39.97,1800.88,366.36
432.95,65.29,1452.88,516.94
422.26,58.92,4370.88,644.73
189.73,58.25,2034.03,340.85
190.43,53.21,2138.79,339.09
426.92,20.68,4839.75,614.55
472.16,61.79,2516.35,596.23
138.14,42.56,1038.34,226.28
280.02,76.56,2135.38,445.62
234.98,69.08,1477.2,365.46
448.28,55.26,1411.23,512.07
133.41,35.13,1309.95,224.92
184.45,32.22,3373.04,364.55
400.99,40.42,1757.39,469.29
120.52,48.59,2444.97,291.55
297.01,37.76,4448.07,516.66
276.84,50.9,2697.35,432.69
233.76,29.92,4662.77,465.03
257.83,78.66,2991.75,473.84
311.98,26.48,2595.35,419.06
164.55,75.92,4001.56,445.59
328.8,74.81,1292.7,439.9
422.17,51.52,1357.91,482.92
404.06,63.49,3607.89,598.89
161.56,46.16,2947.76,345.88
159.7,57.8,4161.66,422.55
207.27,40.43,4665.08,459.72
244.43,38.07,2553.47,380.32
263.38,54.69,3385.64,462.03
371.88,49.89,3002.79,522.47
122.67,54.77,4926.44,426.62
113.87,37.2,4324.34,363.11
256.76,42.02,4646.95,500.79
378.87,25.03,2017.36,441.51
177.37,23.14,4090.11,381.11
356.6,35.21,2061.89,441.19
203.93,24.45,1834.97,291.58
454.43,26.23,4777.06,641.74
458.28,68.78,1077.22,523.65
218.91,22.33,4861.55,451.71
192.0,59.54,1597.05,322.76
264.52,36.35,4277.75,480.04
196.21,72.29,2103.69,370.59
368.95,49.1,2402.81,488.95
430.43,38.33,1867.03,495.19
369.24,51.06,3342.06,539.08
429.74,42.92,2392.38,527.79
258.8,53.86,3629.57,469.3
162.53,26.87,1062.59,223.46
395.18,79.82,1257.5,498.75
244.19,45.53,1398.64,333.58
368.51,40.89,2675.97,489.95
208.26,62.61,4259.18,473.48
132.49,41.83,4552.71,396.38
497.03,70.0,1979.24,601.58
162.48,47.26,3297.48,365.74
495.37,63.17,4073.46,694.73
490.91,26.45,2155.32,540.17
417.53,70.77,2636.03,571.97
363.77,64.14,3095.9,542.02
331.12,32.7,1539.5,390.93
446.44,28.72,1103.93,455.42
215.78,38.98,1611.22,311.65
287.07,78.56,3507.41,522.88
347.76,35.41,1294.47,396.04
264.48,47.37,1758.79,370.57
270.99,21.8,2351.42,367.07
232.11,43.83,1311.48,317.02
325.69,54.28,1766.8,430.31
440.23,77.19,4645.08,700.22
180.61,51.0,1077.2,274.86
473.77,69.15,3613.73,663.42
375.64,52.83,2537.64,506.63
429.31,22.45,3690.59,561.65
322.48,38.9,3354.77,484.07
411.81,54.53,1894.0,505.94
106.48,77.04,4388.84,420.18
427.35,71.55,2967.76,597.59
116.06,33.7,4290.14,357.9
455.97,33.21,2624.05,545.78
496.79,32.07,4938.74,692.47
217.63,75.35,4081.96,491.22
184.13,71.16,4863.8,497.23
406.15,66.49,3057.31,577.52
201.21,43.56,2894.76,371.05
446.22,50.26,4021.82,633.46
141.14,47.86,4521.17,410.76
150.38,35.2,4856.58,415.94
491.66,50.3,2298.21,583.69
369.54,21.83,4194.82,538.11
438.75,27.91,1842.58,485.0
229.73,73.2,3182.3,452.69
370.59,65.1,1719.39,480.1
337.7,45.37,2389.59,457.7
341.26,51.03,4725.43,585.82
373.01,42.2,1584.36,440.93
330.14,64.45,3529.6,537.27
271.62,67.05,3371.82,486.47
210.37,65.8,1482.95,341.14
407.43,63.36,2303.92,536.18
190.51,32.27,3251.93,363.41
376.94,40.28,1748.71,449.41
193.33,48.19,4202.49,437.08
350.13,39.85,4888.63,584.31
398.83,65.3,1859.04,509.96
187.49,39.76,1747.65,297.01
123.98,28.29,2819.74,282.61
152.39,43.94,3991.06,387.38
342.4,78.79,2126.4,498.43
439.78,33.55,1079.52,456.13
118.0,56.73,3164.88,337.74
393.66,45.98,4826.4,625.22
236.53,24.26,2565.11,353.87
291.41,49.27,2680.54,441.06
471.54,62.13,4875.61,714.21
232.79,50.79,3778.43,451.34
286.13,72.33,3876.69,531.23
105.47,37.34,3250.81,302.92
132.64,25.17,4898.44,388.8
203.44,76.19,3755.47,464.81
111.14,42.69,4580.13,381.96
352.55,54.58,3797.52,553.79
270.56,67.52,3940.46,514.75
319.26,39.46,2161.64,422.68
169.86,62.97,2213.91,341.04
218.37,28.13,4131.94,423.48
365.53,37.48,2186.83,457.98
486.12,28.68,3251.08,594.47
120.17,68.67,1997.41,299.01
456.15,33.36,4267.93,628.36
330.75,63.04,1442.01,431.27
325.57,76.6,4317.79,591.24
300.11,51.67,3410.92,488.13
127.76,52.4,1747.64,268.19
135.95,47.66,3168.14,338.66
340.36,39.55,2130.0,438.12
236.38,48.54,2293.87,376.61
466.91,56.17,2406.11,578.08
262.64,79.16,1253.28,391.51
157.31,76.27,4943.85,487.44
385.89,71.73,1126.14,472.61
217.34,73.35,3649.99,466.39
310.19,48.07,2484.91,444.5
379.13,59.45,3584.04,571.68
460.11,73.7,2424.99,599.89
416.88,43.58,3695.0,583.62
370.54,77.71,3916.94,608.84
371.85,44.95,3762.21,553.01
478.37,56.06,1455.85,539.59
218.33,62.59,3627.57,449.92
100.44,77.04,2119.95,301.91
208.78,34.68,1115.21,274.8
187.16,64.77,2659.32,379.84
364.73,51.25,2734.17,505.37
353.48,36.11,2868.7,480.39
337.38,66.6,3819.3,560.77
106.5,53.13,2235.38,276.67
391.51,59.66,2261.12,515.75
229.41,39.37,1242.21,304.7
366.02,48.88,3747.28,553.5
322.63,57.04,3271.3,507.23
237.09,44.29,2397.7,376.0
153.83,31.9,3820.76,361.96
137.77,77.7,3149.43,384.23
432.61,50.69,2876.98,565.97
467.36,64.04,3045.3,622.2
359.92,44.66,3545.39,532.2
141.37,41.31,3640.01,357.06
260.81,44.43,2155.83,383.09
391.58,44.55,1562.97,458.24
411.93,52.65,1626.54,489.85
147.29,52.61,3557.56,374.62
100.01,49.83,4491.49,379.33
384.85,28.09,2637.99,481.91
242.64,49.76,1678.08,352.66
201.79,30.15,4026.41,407.97
105.16,27.57,4329.96,341.98
316.12,75.96,4522.33,592.95
440.46,56.3,3427.33,608.18
483.05,59.57,4442.91,697.94
326.3,44.11,1061.66,380.28
305.78,74.54,1428.94,427.88
134.02,58.28,1370.3,263.15
319.55,66.15,3850.42,547.39
251.99,42.11,1278.33,328.68
342.85,77.6,2985.46,539.96
255.49,69.23,2890.83,452.78
196.12,71.24,2242.81,375.89
137.99,30.33,4481.62,379.97
225.97,36.26,1681.73,319.25
138.66,37.14,2409.85,287.13
170.76,36.25,4096.69,395.82
494.93,71.32,1121.69,559.02
277.64,21.91,3691.8,439.57
312.75,24.57,4265.59,500.33
449.45,36.43,4729.07,650.66
498.23,31.99,4505.19,671.83
333.09,33.91,2277.54,431.21
424.99,67.88,3345.46,609.08
230.78,53.79,1309.17,330.76
222.3,20.35,2031.48,309.93
261.08,45.76,1376.89,346.35
369.0,44.47,2260.75,474.95
372.88,26.84,4500.75,563.59
226.1,60.57,2388.67,391.16
153.28,62.13,3247.59,378.2
352.96,63.25,2733.52,513.92
151.33,63.71,2835.67,358.41
331.4,20.0,4878.29,539.04
377.37,77.24,2184.62,526.98
380.24,68.85,3509.3,582.94
401.39,74.24,2680.25,566.48
449.14,20.94,1244.58,452.95
299.98,76.03,2957.32,501.9
392.1,68.59,4253.37,629.23
347.67,70.23,1395.01,453.24
174.66,25.6,1278.37,242.04
110.28,64.33,1614.53,265.44
213.82,77.6,4057.6,490.33
277.21,60.71,3895.98,507.64
346.84,54.23,3260.07,521.83
439.98,76.74,2872.91,610.74
178.5,46.58,4553.3,440.33
150.22,55.96,4066.79,407.45
485.39,48.58,4247.77,673.57
143.22,75.97,4253.05,441.18
291.4,24.57,3570.87,448.51
334.23,50.07,2832.06,484.08
316.55,61.22,4458.71,568.0
134.41,67.51,4704.03,444.0
122.81,54.98,1095.22,235.48
142.19,74.54,1206.22,285.87
334.24,76.52,4834.97,623.92
317.74,23.86,2108.64,395.41
193.5,44.14,4493.48,445.68
355.11,21.41,2555.18,443.96
428.03,39.76,1476.4,475.89
116.63,52.21,1321.77,237.71
299.25,74.65,1626.03,432.67
375.72,70.79,1999.57,506.75
200.92,27.65,2954.07,349.92
223.11,25.58,3805.99,407.16
345.46,55.36,4945.59,606.68
459.17,51.93,2766.03,583.53
423.97,35.98,3072.74,546.79
333.25,73.97,3087.26,531.92
392.09,75.64,3157.74,585.02
245.93,44.16,3070.96,416.53
356.39,73.42,1035.1,446.99
286.47,43.04,1006.9,344.08
175.97,64.21,1390.67,306.63
380.7,48.56,1406.23,447.7
322.59,27.35,3819.59,490.08
243.45,75.68,1819.66,399.26
464.54,47.25,4578.86,671.44
108.37,64.07,4714.43,418.52
226.31,42.03,4903.57,489.27
122.75,21.13,4756.33,367.72
406.61,26.03,2087.55,468.71
380.84,49.77,3039.11,531.29
232.54,61.4,1701.82,363.22
370.27,40.08,4224.84,567.58
258.37,61.73,4553.73,526.98
402.5,61.92,4405.16,635.14
281.67,62.24,2733.47,455.37
264.91,49.55,4034.7,487.99
473.89,74.89,1390.32,560.97
200.35,49.35,1160.98,292.36
148.18,47.02,4012.95,389.71
333.82,31.96,2701.42,450.07
487.73,38.46,4982.2,696.98
251.14,22.54,1389.02,304.17
124.81,58.01,4422.51,408.0
235.72,34.91,2919.93,386.94
302.37,38.25,4308.6,514.7
164.77,66.25,4268.51,444.61
363.24,39.63,4663.97,583.24
499.1,34.53,2191.4,560.65
280.7,30.14,4799.2,509.73
241.89,66.49,1606.67,373.58
260.28,27.78,1327.88,316.29
146.06,47.23,2726.46,324.01
453.31,50.42,4313.29,653.94
265.93,61.24,2893.68,449.29
254.91,58.0,4317.15,506.78
363.88,68.64,3918.75,590.0
276.81,22.69,1837.71,347.36
359.29,37.79,4795.53,583.89
124.58,36.81,1243.12,217.03
425.49,28.76,4593.12,613.19
476.2,37.35,2217.77,547.88
359.51,38.59,3000.59,495.51
481.83,51.31,2689.41,596.9
160.57,59.82,1687.34,302.56
290.97,42.87,2432.59,418.7
340.72,63.17,1771.74,455.92
332.69,40.17,1815.55,417.19
260.58,37.42,1748.23,352.0
235.23,52.47,2956.07,414.7
150.73,21.42,4191.73,362.3
256.7,24.79,3275.88,406.33
165.06,45.08,4572.83,428.31
393.75,76.57,3546.18,607.17
183.53,63.29,3757.36,429.63
123.43,25.29,3670.43,320.19
320.95,70.78,2797.84,502.82
338.09,63.94,3757.36,554.25
448.77,56.66,1278.83,507.94
330.79,69.22,4439.41,590.43
238.19,44.25,4111.25,462.49
421.2,33.29,1980.92,485.94
316.11,50.72,4072.13,532.58
131.71,52.93,1050.57,237.29
326.34,52.3,1868.99,432.97
463.21,53.9,1260.55,514.45
258.53,76.92,4120.91,528.25
218.53,74.13,4023.5,487.2
157.39,72.54,4254.54,447.45
160.58,68.09,1017.93,281.49
273.11,76.61,3004.93,483.64
338.27,25.91,3819.34,500.45
132.25,35.91,1621.6,240.74
475.83,49.7,3599.16,635.18
402.05,70.79,1336.44,494.65
334.65,50.31,1725.3,429.45
431.38,64.88,2903.19,587.58
132.07,28.34,3614.26,328.88
290.74,35.14,1583.48,364.48
352.04,63.91,1740.89,464.53
431.46,29.88,1817.79,480.88
413.39,41.08,1954.8,490.07
210.83,35.89,1906.22,317.81
476.35,40.99,2580.6,571.6
149.74,62.5,3615.16,394.3
450.05,42.07,2752.13,560.76
488.38,53.32,4103.9,675.87
170.86,26.0,3877.07,369.54
388.83,68.3,1506.11,488.82
116.11,42.19,1195.37,215.95
262.17,58.91,4511.77,523.69
306.51,63.52,1319.32,406.46
332.26,32.58,1593.36,394.34
474.37,73.08,1088.53,543.55
368.9,56.97,3513.35,556.25
292.51,45.72,3329.48,469.07
423.87,30.94,4947.61,632.89
480.21,76.54,4547.73,726.36
108.83,65.3,2643.37,317.19
493.01,32.48,2486.34,567.45
134.45,40.26,2187.41,277.33
425.75,68.58,1609.63,523.96
212.13,61.74,1552.33,339.93
152.87,65.95,1529.13,297.67
275.94,46.47,1456.46,363.28
357.58,62.99,1962.05,478.65
252.38,43.19,2226.67,378.02
121.83,32.68,4846.32,388.79
339.78,57.96,3313.89,524.46
460.96,78.56,4950.38,734.13
253.29,38.64,2489.87,385.08
186.53,47.66,2830.51,362.24
277.03,60.44,2298.31,427.2
119.35,52.49,1731.55,260.79
428.2,70.61,1572.66,527.1
430.54,65.7,4780.32,682.0
335.2,23.5,4947.24,550.77
241.24,79.91,1179.64,371.83
419.91,65.14,1601.38,513.72
321.87,71.83,2694.1,499.96
430.37,59.07,1745.33,520.17
352.58,71.38,2455.52,511.91
413.76,26.74,1516.39,446.94
339.43,40.86,2826.05,474.14
265.66,72.59,2086.78,425.74
483.18,32.1,2407.62,555.07
316.45,24.69,1377.25,359.06
342.04,67.29,2712.51,510.18
188.2,70.13,4933.03,502.4
350.26,29.76,2315.33,440.61
328.64,71.26,4505.72,595.09
173.94,61.21,4372.8,449.6
123.83,51.2,4808.23,416.29
341.74,69.82,4160.44,586.14
405.48,45.15,3638.39,574.03
309.36,31.64,4426.34,516.26
190.71,37.09,1302.58,273.33
366.61,50.31,2851.32,511.32
132.04,51.88,4957.02,431.3
276.73,68.33,4078.4,527.81
165.35,67.48,4848.3,475.91
173.78,54.88,4118.54,427.28
180.92,66.85,4499.53,469.98
254.68,31.51,3826.12,442.31
120.46,23.0,4042.01,332.97
259.12,72.42,3092.71,470.56
304.68,24.53,4696.95,515.39
293.32,34.8,4300.16,501.86
253.11,61.72,4375.54,513.85
435.66,44.57,3692.04,599.98
158.13,72.58,2218.32,346.29
302.28,37.88,1142.52,355.77
124.82,20.71,4742.62,368.05
128.46,38.04,3344.48,327.05
329.55,54.68,2192.57,455.29
326.41,42.56,1596.54,404.79
451.21,52.09,4318.09,655.01
323.15,72.6,4346.08,584.72
483.92,74.75,4258.03,712.16
119.48,35.96,3580.33,328.54
139.2,47.73,2464.06,306.16
117.63,52.95,2216.28,284.34
174.11,76.95,1034.22,306.42
316.51,79.92,4334.43,589.8
358.23,34.12,1349.73,405.26
118.23,63.62,3523.02,366.17
478.39,42.68,3016.3,597.55
436.87,20.49,3106.76,535.56
218.64,20.56,4706.85,441.09
130.88,47.63,1126.46,232.47
167.95,49.3,4093.57,412.99
150.78,21.35,1208.21,213.06
149.31,61.22,1152.61,268.9
307.42,37.64,2719.27,438.36
198.34,53.59,1252.3,301.68
243.26,38.06,4156.58,459.52
495.8,30.03,3118.25,597.6
373.73,44.43,1116.16,421.43
479.59,33.94,1162.0,492.68
157.02,52.09,3450.67,376.28
252.86,31.93,4224.45,461.4
321.89,50.5,2751.2,470.83
130.7,29.44,3218.32,309.64
101.67,60.26,4199.32,381.69
368.17,65.24,3442.02,564.49
356.73,26.62,1899.04,420.27
264.32,48.07,3452.21,456.17
295.86,24.25,3513.12,448.72
266.18,55.89,3936.43,493.6
109.6,35.86,3483.5,315.65
234.15,51.66,4876.97,508.65
170.83,51.05,1789.15,302.7
139.37,75.46,4804.36,464.91
482.69,52.94,3153.36,623.24
339.74,54.98,3687.82,538.66
391.46,44.1,1397.85,449.21
226.15,76.94,2522.3,422.45
257.26,66.63,4077.52,509.63
194.77,37.12,3827.64,402.88
138.79,70.65,1160.56,275.04
171.61,45.94,3186.38,365.52
419.01,69.72,1353.11,507.44
371.02,69.37,4983.43,650.05
318.77,31.33,4589.19,531.47
290.04,62.07,1084.32,379.35
468.97,37.44,4434.6,653.07
129.09,37.85,4677.72,393.94
212.24,37.78,2414.19,347.17
239.98,63.53,3878.01,481.18
412.97,33.79,2768.41,519.48
497.01,20.05,3620.93,608.73
196.27,62.91,2361.27,369.45
449.72,30.27,2290.24,519.7
432.25,26.27,2697.74,520.09
189.86,34.25,1582.27,282.38
259.73,42.79,4324.56,488.21
263.87,48.55,2394.79,403.67
491.29,22.67,2600.6,557.07
172.36,78.23,4576.22,484.05
419.66,62.96,2986.5,579.5
233.68,39.39,3177.02,404.88
392.35,39.12,4825.99,613.86
268.0,46.91,4546.91,512.12
331.34,57.57,1677.87,435.33
433.04,28.78,2892.86,534.25
421.67,31.34,4885.18,628.6
446.57,71.57,2489.47,589.08
123.85,35.38,2486.29,276.46
376.82,42.81,1780.12,454.68
155.99,72.28,1457.29,306.08
266.33,59.79,3961.22,500.81
319.44,40.5,4080.12,520.31
261.1,61.02,4876.05,544.21
307.84,21.18,4093.67,482.73
498.61,64.14,1973.41,593.77
154.09,49.22,1160.47,255.12
370.18,68.79,4941.75,646.42
258.4,77.28,2361.8,440.73
153.2,75.55,2247.89,348.28
163.49,74.56,4623.82,473.82
479.71,50.73,3340.4,626.88
451.84,41.61,1859.48,516.86
462.82,47.9,4556.38,669.93
496.61,61.39,4973.44,738.05
183.33,73.04,1346.71,323.56
242.18,32.42,4449.01,464.82
367.69,75.09,2562.06,534.89
293.52,68.91,3096.29,493.0
267.36,78.73,4659.26,564.94
243.12,72.82,4893.52,548.4
337.51,36.8,2048.66,427.64
330.24,26.36,1851.4,396.3
164.58,26.73,1322.07,237.87
288.7,37.47,3247.19,449.53
321.39,56.85,1054.42,395.11
328.11,68.26,2647.59,497.26
184.04,73.96,1293.54,322.84
396.91,57.43,2620.9,534.71
110.08,20.34,1159.73,176.56
241.93,31.18,4340.87,457.36
412.09,25.98,1838.96,460.59
325.56,41.8,2313.23,438.81
204.46,50.08,4480.19,462.7
377.98,22.6,3985.06,535.54
326.96,40.91,1876.15,416.74
418.5,30.75,1287.6,445.3
394.01,58.82,3862.7,596.58
344.04,47.86,2562.81,475.16
295.27,49.72,4064.32,514.01
153.27,45.66,2781.18,330.17
204.53,77.36,2384.01,398.87
267.64,32.88,2804.82,403.68
339.72,51.0,3994.24,547.99
305.48,64.16,4608.88,571.07
215.27,53.41,1199.07,312.29
102.59,75.74,3096.45,350.5
298.5,42.68,1131.34,359.38
214.25,47.82,2873.64,386.81
393.84,25.31,4541.13,580.1
109.58,56.54,2446.36,294.79
333.93,37.29,4729.8,559.57
476.59,29.62,3522.43,601.82
169.76,52.67,4736.62,451.65
288.66,51.94,4028.67,510.27
136.57,24.55,1413.74,216.77
350.27,61.89,1924.61,469.29
320.21,57.43,2576.68,471.14
262.95,31.34,1680.43,341.39
308.55,48.17,2979.65,468.07
458.63,63.22,2885.47,606.01
178.52,51.77,4825.04,461.72
109.03,43.73,2734.91,289.56
444.67,39.34,4142.51,621.87
330.85,56.62,4767.64,588.0
456.26,76.35,4507.96,704.93
338.78,60.3,1834.67,453.21
424.06,24.48,2984.12,525.18
271.87,47.64,2390.96,408.51
399.94,73.45,2599.43,560.1
465.22,25.67,2443.23,532.84
328.85,79.33,4305.44,597.35
172.31,76.94,2808.56,393.7
207.52,24.7,3094.78,357.8
179.46,76.0,4929.79,504.06
198.74,41.79,1239.92,283.67
222.57,70.68,2951.83,431.67
322.05,45.1,4096.25,530.11
335.2,46.45,1604.65,418.07
270.6,58.05,3446.13,475.87
346.17,66.47,1957.86,474.53
132.63,22.03,4469.62,362.63
135.12,55.59,2308.4,306.9
168.73,31.2,2316.25,297.6
307.23,40.76,3392.78,476.56
185.6,40.88,1734.25,296.51
213.31,48.14,2139.55,349.84
260.13,40.05,2666.53,401.5
424.75,26.44,2414.55,500.19
105.54,28.74,3099.51,282.52
359.75,22.01,3398.56,490.74
367.55,48.21,3266.67,529.7
419.46,77.27,3616.67,632.3
473.1,26.94,2231.0,530.44
108.06,76.78,1505.7,276.89
161.51,64.0,4043.23,427.37
454.47,58.25,4403.12,671.11
283.41,58.72,2028.02,416.2
325.84,69.6,2628.37,496.49
365.21,26.42,2994.28,481.51
371.63,50.29,3133.31,529.39
472.7,61.83,3637.96,652.79
498.78,55.21,1166.41,540.16
388.06,69.97,3885.91,609.7
214.89,24.34,1247.88,270.81
451.9,61.44,2873.15,597.34
119.69,52.04,4310.68,389.35
192.43,42.75,2804.86,358.31
458.95,40.42,1596.36,507.61
202.48,57.25,4940.14,494.86
188.26,73.46,4557.14,488.66
155.25,49.77,4085.25,403.12
443.64,69.48,2646.05,591.44
300.02,44.13,1735.38,392.98
369.96,26.14,4765.64,573.46
195.63,23.69,3129.4,348.51
403.22,23.08,4409.42,577.66
404.0,42.81,2368.38,505.83
225.04,40.23,2341.15,357.44
264.27,63.08,4942.16,553.14
183.88,64.57,3087.33,398.32
490.62,23.05,1562.78,505.22
358.24,33.27,1878.7,430.43
473.82,36.46,2927.78,580.13
221.35,52.86,1169.88,314.86
412.76,28.67,2850.14,515.72
406.34,28.04,2675.76,500.92
376.66,76.63,4117.35,622.14
486.26,68.25,2419.77,612.37
257.42,30.84,4930.2,498.71
152.29,44.39,1723.08,274.57
368.68,41.34,3363.95,525.15
391.72,67.46,1358.8,482.51
330.02,50.61,3935.46,536.71
182.73,27.67,4979.01,436.64
301.78,64.34,4276.55,551.76
224.88,43.81,3222.81,406.76
270.99,35.78,2938.97,417.4
358.09,42.53,4340.12,567.27
398.09,49.87,4743.9,630.46
192.89,40.59,4956.83,463.03
262.13,34.51,2586.16,390.78
207.66,43.91,4963.67,480.18
179.45,21.15,1623.71,256.47
413.35,66.35,2014.2,530.92
463.7,30.26,1356.06,484.15
248.09,22.63,2086.95,336.77
400.51,59.22,4071.75,612.83
458.8,66.44,4411.7,687.28
438.45,68.83,4115.57,659.78
173.13,49.61,3524.26,389.13
482.52,32.32,3055.87,587.29
250.67,64.23,3834.82,488.63
235.7,61.98,2563.33,409.7
124.97,34.78,4365.23,370.4
294.47,74.2,3708.76,532.32
143.61,26.26,3791.22,343.84
199.42,78.96,3143.74,435.16
226.78,71.61,4540.92,515.89
423.53,61.27,2008.06,531.14
450.2,76.32,2524.59,600.87
220.99,63.34,4110.57,477.33
443.48,31.43,2971.0,550.47
442.89,46.53,4556.86,651.95
405.86,24.29,2385.6,480.4
158.68,43.38,2477.32,315.88
376.13,64.5,4554.94,625.39
478.01,43.19,2857.48,590.06
373.02,39.82,3064.5,511.36
232.65,55.72,2331.05,386.25
300.23,72.33,2106.68,454.02
358.29,22.85,3623.79,502.1
304.23,43.13,1479.36,382.04
147.98,29.49,4517.09,388.48
224.83,61.72,4116.81,478.28
420.96,26.34,1762.99,464.43
444.57,59.89,3776.08,634.29
154.92,37.17,3410.53,350.22
480.95,31.94,1738.14,519.57
231.53,76.18,2092.81,404.14
364.93,21.11,2635.95,455.4
400.73,46.27,3796.97,579.83
424.78,21.3,3554.89,549.51
478.3,49.02,3128.94,612.61
225.17,50.06,4073.64,458.91
443.4,39.3,4031.75,615.26
152.67,27.93,3471.44,337.61
382.02,42.58,4147.96,576.89
396.79,60.34,2337.05,524.79
371.09,66.94,4525.0,623.54
200.93,51.85,3459.64,411.49
449.22,55.39,4289.45,656.93
167.54,32.04,3185.12,341.35
121.45,37.24,1873.75,246.71
386.99,29.71,3169.64,512.64
290.19,34.96,2484.45,408.81
439.64,33.49,3790.0,591.45
253.36,51.17,2903.18,424.6
167.31,53.76,4344.45,431.71
434.58,76.7,3712.29,648.32
319.56,31.73,3738.18,490.16
175.68,58.5,1868.62,321.72
388.15,69.04,4937.0,660.93
304.45,53.61,4366.7,542.31
341.73,35.3,4156.02,534.13
284.36,35.75,2320.86,397.16
431.48,22.36,3142.53,535.85
431.83,38.33,1548.41,480.37
383.76,64.68,3153.9,561.71
142.16,22.85,1583.56,227.18
435.54,33.16,3212.15,558.78
368.41,62.37,3594.89,568.03
378.81,66.96,2560.78,531.53
245.19,47.32,2994.18,416.84
451.71,61.88,4502.61,679.33
390.15,43.28,1434.25,448.75
145.04,29.59,4166.93,368.77
263.11,43.89,1683.02,360.47
454.55,54.8,1146.83,503.18
118.88,76.88,1742.3,297.54
484.57,24.13,4060.17,626.85
371.67,50.44,2620.5,504.02
352.55,39.74,4490.08,566.15
208.22,50.5,3098.83,397.27
199.52,21.44,1089.0,246.22
476.82,38.78,3866.85,632.97
219.31,69.19,1440.93,351.28
410.2,53.24,4157.52,615.89
257.25,47.03,1672.41,359.97
155.7,37.13,2381.79,299.35
104.29,37.88,4045.09,342.51
317.7,42.99,4816.93,559.49
490.31,70.13,2485.74,621.74
247.65,78.03,4317.6,531.05
242.88,46.32,1763.17,351.94
237.64,43.6,4228.72,466.95
308.22,70.79,3629.98,534.26
276.27,45.61,1770.97,377.98
451.97,53.12,2210.02,551.76
302.21,33.86,1527.08,368.91
303.1,64.61,2531.87,465.99
155.35,51.92,1814.59,292.89
493.1,68.54,3575.99,676.09
199.99,66.84,4978.02,509.16
129.35,32.9,1048.04,205.23
365.26,62.94,3163.68,544.8
338.15,68.0,3294.67,537.26
266.06,40.77,4656.84,506.84
268.88,30.36,3024.02,411.84
414.03,20.16,3174.81,520.2
178.29,47.05,2886.61,357.54
428.1,41.15,2075.62,507.98
359.5,53.29,1224.12,428.75
267.59,31.28,2634.63,392.73
283.21,71.58,1210.37,394.46
202.66,35.47,3201.97,375.42
400.85,33.59,2229.17,482.51
305.15,48.84,3134.41,474.1
228.34,49.93,1537.19,334.43
338.42,32.91,4730.52,556.62
498.29,36.31,4578.08,682.01
274.1,30.18,1759.99,352.56
468.28,63.11,2373.78,587.97
238.01,66.21,3453.97,462.41
121.89,47.74,1382.74,238.26
181.7,62.85,2418.27,360.54
267.48,64.16,2004.45,410.44
187.85,28.3,4662.07,425.83
100.09,77.97,4410.04,417.53
466.0,69.26,3319.33,642.66
437.55,32.27,3081.39,552.51
396.92,31.17,4722.9,600.43
167.13,27.54,4729.71,411.5
148.15,28.3,4877.32,404.84
127.04,64.89,1501.52,274.04
389.61,48.18,1642.23,466.07
471.52,66.98,3706.95,663.03
272.21,64.78,3165.74,473.22
147.66,56.28,1073.86,256.23
304.96,61.18,1247.9,398.13
239.53,21.1,4552.32,450.89
249.93,38.71,4475.48,481.78
348.53,58.27,2429.08,487.68
387.49,20.56,4564.2,569.04
144.24,21.98,3374.7,317.1
114.24,71.11,4223.62,409.24
497.73,61.04,2709.72,625.23
193.09,35.92,1453.59,281.04
121.53,61.28,2734.91,325.89
175.95,67.55,2829.2,383.54
115.58,38.41,3203.78,310.27
256.72,22.16,1422.33,309.74
420.96,75.97,4965.61,699.0
236.5,40.71,1976.55,349.09
277.67,26.39,1794.21,351.43
370.23,49.51,3107.21,525.82
303.56,66.11,3148.83,499.45
444.58,33.3,2759.28,543.58
446.41,36.17,4087.57,615.76
103.96,34.56,3066.62,288.35
411.22,79.5,3438.78,620.16
284.29,31.84,3894.99,469.95
495.54,54.53,1100.1,533.23
293.29,75.52,3282.58,512.04
494.76,28.81,4536.78,665.87
401.83,78.25,1069.55,492.32
199.44,76.85,2620.73,405.86
315.36,73.07,4704.91,597.14
496.85,32.87,2412.62,567.42
443.01,58.04,2834.92,583.22
138.95,65.65,4926.17,455.95
382.55,79.16,1797.3,514.65
238.23,30.83,1261.02,299.87
102.79,65.96,4437.69,403.06
261.39,40.33,4473.86,493.3
193.9,30.54,2888.31,345.34
427.55,45.28,3056.83,562.8
234.93,67.63,4343.23,506.55
431.01,47.89,3954.24,614.36
100.24,52.25,2060.6,261.6
223.13,79.71,1067.57,351.45
196.47,43.95,2918.8,369.03
193.43,56.92,4435.65,461.91
127.27,41.91,4583.34,393.86
174.85,43.57,4824.9,446.48
322.22,61.74,4518.25,576.3
216.54,76.27,3320.17,453.65
266.96,52.54,2778.42,431.3
250.75,66.1,4099.4,504.72
450.36,25.35,3959.29,596.28
462.12,32.67,3152.57,576.33
297.18,50.13,1349.31,380.4
232.06,21.2,4704.33,452.67
142.72,35.17,2822.41,308.05
481.36,51.04,2453.34,584.32
124.09,20.9,3518.27,306.53
219.06,35.87,3695.35,413.82
219.23,50.84,1842.75,343.78
228.16,54.39,4347.76,481.5
165.71,75.55,2159.75,353.88
413.26,58.72,1746.74,506.03
149.0,44.88,2625.6,317.81
353.96,75.82,3922.24,593.01
149.54,67.09,4861.83,463.36
128.21,32.0,4237.13,362.43
463.77,27.85,4761.39,650.86
176.05,60.55,1562.42,309.79
428.5,53.59,1284.71,487.42
317.85,67.38,3230.82,516.89
131.14,64.33,2161.19,309.47
482.18,57.51,4312.22,687.62
198.78,79.18,3687.95,462.2
443.86,52.02,4882.91,677.26
167.52,26.79,2019.17,275.16
441.58,69.7,2943.14,604.96
105.29,35.11,3004.96,287.15
304.71,66.64,1956.71,441.56
407.78,77.43,3360.37,610.38
473.92,61.81,2773.14,610.5
463.68,55.76,2786.89,593.93
427.85,47.62,2450.95,536.26
455.28,41.86,1067.72,480.4
179.69,41.18,3088.38,359.94
213.67,58.18,2340.99,375.26
215.59,65.08,1005.28,320.35
250.82,60.71,2231.77,403.31
257.33,31.9,2114.51,359.45
317.82,49.64,2573.79,457.41
163.95,67.5,1527.41,308.78
376.5,48.54,3030.74,525.55
167.03,52.2,3769.76,400.41
224.12,66.27,3520.74,454.74
301.34,59.68,4215.02,541.34
418.58,44.56,2808.03,542.1
395.79,73.72,3076.37,581.04
358.21,29.75,4241.61,543.28
162.31,79.73,2710.8,384.98
318.82,27.13,3806.4,486.07
134.98,20.9,2738.41,276.25
250.95,73.4,2670.94,444.41
265.41,34.7,4040.82,466.41
115.92,63.78,1699.35,273.38
209.6,68.66,2354.34,388.38
482.26,71.54,1896.69,587.95
481.45,79.5,2436.44,626.23
240.93,37.64,1921.5,345.28
117.24,62.61,3317.62,353.6
171.64,26.92,4192.68,387.33
256.89,44.41,4146.45,479.45
479.11,70.88,2458.0,612.51
156.48,42.06,4955.04,436.03
405.41,55.47,3375.42,576.29
143.47,50.23,2597.6,320.0
492.5,58.76,4342.16,699.25
252.65,78.37,3919.5,515.65
410.09,23.34,3997.1,562.95
237.04,54.44,1784.56,360.51
351.07,71.78,2873.3,532.19
176.81,48.88,4447.31,437.14
158.41,24.71,3016.15,314.6
475.23,53.63,3733.81,647.32
467.06,39.92,3351.73,601.12
454.99,29.3,4369.43,626.41
350.17,70.94,2138.24,493.46
423.31,51.3,3301.9,580.68
127.61,76.0,1492.94,290.73
233.92,68.36,3760.84,477.72
225.48,61.58,3927.87,469.15
354.26,20.3,1171.35,372.43
242.38,45.67,3703.16,447.57
159.4,31.85,2658.76,308.23
338.59,74.65,1496.39,457.66
425.75,30.48,2679.63,520.3
252.85,37.16,1776.93,346.87
152.91,51.01,2662.24,331.95
178.68,35.8,2537.36,323.51
194.99,32.59,3953.57,402.56
219.96,55.95,4096.86,464.73
357.12,25.34,3428.11,495.1
340.38,23.49,1090.75,362.08
378.43,42.33,4724.09,602.45
245.0,63.24,3744.93,478.11
429.6,53.29,1136.78,480.45
181.64,45.37,4275.33,427.13
287.62,53.95,1801.06,401.06
420.38,41.93,3316.88,565.04
172.06,76.17,2866.54,395.23
143.95,23.29,2679.36,284.07
453.47,60.4,4558.85,681.33
237.17,73.48,2749.45,437.43
373.55,68.23,1301.38,466.26
110.14,31.04,4786.55,374.0
376.02,37.76,4682.14,591.56
226.44,63.02,3737.73,462.57
122.3,25.06,2871.57,279.0
343.93,68.71,1371.44,446.78
196.32,63.13,4162.99,459.91
254.72,63.78,1301.91,364.54
132.23,26.01,1274.4,208.53
158.87,63.07,3149.54,379.17
219.19,60.79,1640.51,348.56
135.9,69.86,1030.92,265.05
464.33,22.5,2692.45,539.83
102.42,21.39,1548.87,191.46
293.54,42.38,1642.06,380.51
149.3,28.93,1307.64,228.21
223.07,53.5,1820.38,349.73
470.42,75.04,3861.94,682.0
164.68,43.49,4235.71,408.76
486.33,70.7,2810.13,635.62
182.32,20.01,3026.22,327.19
396.63,30.11,1130.62,419.0
318.67,21.83,1277.27,351.54
453.79,39.69,2030.27,524.08
321.6,74.49,3175.59,527.79
313.82,25.82,3958.2,487.69
178.18,56.38,3420.01,398.12
166.49,47.09,2568.51,332.25
466.6,76.31,1473.3,561.4
231.14,27.35,4123.09,432.09
248.83,32.72,2455.14,370.91
403.93,21.77,3944.22,553.01
235.53,46.04,3051.92,410.07
480.82,36.67,3954.65,637.4
395.17,72.19,4629.16,655.89
338.97,56.3,4684.12,589.83
452.36,56.85,3140.43,604.18
119.84,51.91,3046.03,326.05
202.83,25.51,2062.71,303.66
286.01,46.7,4743.2,536.02
190.79,79.97,2831.68,414.17
397.56,70.11,1510.36,498.74
467.68,73.61,2730.82,621.1
269.51,69.39,1508.21,395.11
236.85,26.18,3010.13,379.26
484.62,33.65,3245.1,600.42
277.94,20.19,2351.02,370.18
295.62,38.21,1286.6,358.14
240.66,26.52,4774.01,471.0
463.82,48.37,4093.41,648.28
327.58,60.63,4355.52,570.78
404.87,72.47,2467.47,555.98
424.72,64.95,4043.32,639.37
236.74,76.32,2941.49,450.94
273.48,23.23,1804.33,343.85
439.39,20.73,1497.69,457.49
245.3,59.68,2380.2,404.77
417.57,37.36,1550.21,467.61
476.4,35.21,4993.08,683.59
349.28,39.85,1196.76,399.04
396.65,36.19,2764.57,509.83
422.04,50.69,2808.37,554.08
438.02,46.41,2202.53,530.15
258.02,50.75,3285.41,446.81
120.51,60.36,1599.91,266.94
260.75,43.23,4135.65,480.22
369.5,35.08,2329.79,464.71
280.14,29.97,3365.37,437.34
399.59,40.97,3862.56,574.25
242.79,64.51,4556.17,518.81
353.9,65.4,4343.15,598.38
174.57,60.01,3433.24,401.34
399.75,34.04,2553.57,498.54
318.28,55.29,3012.82,488.19
181.63,54.24,4074.94,430.41
216.76,49.06,4510.18,472.5
399.44,53.0,1415.13,469.81
293.04,49.51,2539.43,435.66
186.41,53.93,4104.47,435.24
486.91,62.93,2726.61,620.25
386.05,26.58,2328.91,465.15
482.85,64.98,2645.29,616.01
270.84,28.15,3411.38,429.47
290.04,24.0,4999.22,517.99
459.18,78.56,2971.97,633.79
310.02,77.42,1833.98,455.84
382.91,23.63,1651.39,424.34
200.87,46.6,1169.4,289.06
278.69,31.17,3235.27,431.48
149.38,49.12,3178.29,352.1
182.39,69.81,1820.94,341.68
100.38,77.04,3781.32,384.92
115.71,58.06,3964.43,377.87
490.91,41.23,2036.39,556.4
196.94,56.2,2376.4,360.67
365.32,38.72,4961.89,598.43
435.64,74.59,2497.06,585.25
320.26,72.22,4043.21,566.71
161.26,53.49,2810.9,349.79
391.25,39.49,4173.38,580.9
340.1,37.6,4076.09,532.29
392.5,22.01,3671.02,530.56
407.9,68.95,4419.11,650.7
490.16,47.02,4756.87,700.51
329.43,39.51,3319.93,488.8
236.66,48.27,1949.88,359.22
359.39,69.12,2594.52,520.92
127.38,27.48,4033.22,344.78
458.96,71.46,3603.53,654.53
147.75,73.85,1711.19,314.54
231.14,76.8,1204.96,360.36
426.3,43.85,3731.85,593.4
338.92,33.03,2004.32,420.9
